,ResponseID,ExtendedSessionID,UserID,ScenarioOrder,Intervention,PedPed,Barrier,CrossingSignal,AttributeLevel,ScenarioTypeStrict,ScenarioType,DefaultChoice,NonDefaultChoice,DefaultChoiceIsOmission,NumberOfCharacters,DiffNumberOFCharacters,Saved,Template,DescriptionShown,LeftHand,UserCountry3,Man,Woman,Pregnant,Stroller,OldMan,OldWoman,Boy,Girl,Homeless,LargeWoman,LargeMan,Criminal,MaleExecutive,FemaleExecutive,FemaleAthlete,MaleAthlete,FemaleDoctor,MaleDoctor,Dog,Cat
0,2222bRQqBTZ6dLnPH,32757157_6999801415950060.0,6999801415950060.0,7,0,0,0,1,Fit,Fitness,Fitness,Fit,Fat,1.0,5.0,0.0,1,Desktop,1.0,1.0,USA,1.0,1.0,0.0,0.0,0.0,0.0,0.0,0.0,0.0,0.0,0.0,0.0,0.0,0.0,1.0,2.0,0.0,0.0,0.0,0.0
1,2222sJk4DcoqXXi98,1043988516_3525281295.0,3525281295.0,2,1,0,1,0,Rand,Random,Random,,,,1.0,0.0,0,Desktop,0.0,0.0,BEL,0.0,0.0,0.0,0.0,0.0,0.0,0.0,0.0,0.0,0.0,0.0,0.0,0.0,0.0,0.0,0.0,1.0,0.0,0.0,0.0
2,2223CNmvTr2Coj4wp,-1613944085_422160228641876.0,422160228641876.0,10,0,1,0,1,Female,Gender,Gender,Male,Female,0.0,4.0,0.0,1,Mobile,0.0,0.0,ISR,0.0,1.0,0.0,0.0,0.0,0.0,0.0,1.0,0.0,1.0,0.0,0.0,0.0,1.0,0.0,0.0,0.0,0.0,0.0,0.0
3,2223Xu54ufgjcyMR3,1425316635_327833569077076.0,327833569077076.0,11,0,0,1,0,Old,Age,Age,Young,Old,0.0,5.0,0.0,0,Desktop,1.0,0.0,MEX,0.0,0.0,0.0,0.0,2.0,3.0,0.0,0.0,0.0,0.0,0.0,0.0,0.0,0.0,0.0,0.0,0.0,0.0,0.0,0.0
4,2223jMWDEGNeszivb,-1683127088_785070916172117.0,785070916172117.0,8,0,1,0,2,More,Utilitarian,Utilitarian,More,Less,1.0,5.0,2.0,0,Mobile,0.0,0.0,CHE,0.0,0.0,0.0,0.0,1.0,0.0,0.0,0.0,0.0,0.0,0.0,1.0,1.0,0.0,1.0,0.0,0.0,0.0,1.0,0.0
5,2224H2QBFKNsMmRQc,1661661891_4304873273230329.0,4304873273230329.5,11,1,1,0,0,Male,Gender,Gender,Male,Female,0.0,5.0,0.0,1,Desktop,0.0,0.0,TUR,0.0,0.0,0.0,0.0,0.0,0.0,0.0,0.0,0.0,0.0,3.0,0.0,1.0,0.0,0.0,0.0,0.0,1.0,0.0,0.0
6,2224YxTZcu4sJqTSD,-887960483_174929057557052.0,174929057557052.0,6,1,0,1,0,Pets,Species,Species,Hoomans,Pets,1.0,5.0,0.0,0,Desktop,1.0,1.0,CAN,0.0,0.0,0.0,0.0,0.0,0.0,0.0,0.0,0.0,0.0,0.0,0.0,0.0,0.0,0.0,0.0,0.0,0.0,2.0,3.0
7,2224g4ytARX4QT5rB,213978760_9992828917431898.0,9992828917431900.0,7,1,0,0,1,More,Utilitarian,Utilitarian,More,Less,0.0,5.0,1.0,0,Desktop,1.0,1.0,USA,0.0,0.0,0.0,1.0,0.0,0.0,0.0,0.0,0.0,0.0,0.0,0.0,0.0,0.0,1.0,1.0,1.0,0.0,0.0,1.0
8,2224kBG72574tbZD3,737909459_839962439872333.0,839962439872333.0,12,1,0,0,2,Young,Age,Age,Young,Old,0.0,3.0,0.0,0,Desktop,0.0,0.0,MEX,1.0,0.0,0.0,0.0,0.0,0.0,2.0,0.0,0.0,0.0,0.0,0.0,0.0,0.0,0.0,0.0,0.0,0.0,0.0,0.0
9,2225gNWJcAeE92LXd,2069688900_9887644874714294.0,9887644874714300.0,3,1,0,0,2,Less,Utilitarian,Utilitarian,More,Less,1.0,1.0,4.0,0,Mobile,0.0,1.0,DEU,0.0,0.0,0.0,0.0,0.0,0.0,0.0,0.0,0.0,0.0,0.0,0.0,0.0,0.0,0.0,0.0,0.0,0.0,1.0,0.0
10,2225giMabFAayqtuZ,119593534_4060326529262035.0,4060326529262040.0,2,1,0,1,0,Fat,Fitness,Fitness,Fit,Fat,1.0,4.0,0.0,0,Mobile,0.0,0.0,USA,0.0,0.0,0.0,0.0,0.0,0.0,0.0,0.0,0.0,2.0,2.0,0.0,0.0,0.0,0.0,0.0,0.0,0.0,0.0,0.0
11,2225s6f4PqRQYeBd4,1153359856_8971439613901464.0,8971439613901470.0,4,1,1,0,2,Fat,Fitness,Fitness,Fit,Fat,1.0,3.0,0.0,0,Desktop,1.0,1.0,SAU,0.0,0.0,0.0,0.0,0.0,0.0,0.0,0.0,0.0,1.0,2.0,0.0,0.0,0.0,0.0,0.0,0.0,0.0,0.0,0.0
12,2225sWJ5kN3ZmqjPY,1497926576_519753170665353.0,519753170665353.0,4,0,0,0,2,Old,Age,Age,Young,Old,0.0,2.0,0.0,0,Desktop,1.0,1.0,GBR,0.0,0.0,0.0,0.0,1.0,1.0,0.0,0.0,0.0,0.0,0.0,0.0,0.0,0.0,0.0,0.0,0.0,0.0,0.0,0.0
13,2225yzLoy7yvKaToo,-1635005699_8666806392072257.0,8666806392072259.0,3,0,1,0,2,Less,Utilitarian,Utilitarian,More,Less,0.0,2.0,3.0,0,Mobile,0.0,1.0,TUR,0.0,0.0,0.0,0.0,0.0,0.0,0.0,0.0,1.0,0.0,0.0,0.0,0.0,0.0,0.0,0.0,0.0,1.0,0.0,0.0
14,2226XQThAXp4JFsNR,1663496420_7962671985798955.0,7962671985798960.0,11,0,0,0,1,Rand,Random,Random,,,,2.0,2.0,0,Desktop,0.0,0.0,PHL,0.0,0.0,0.0,0.0,1.0,0.0,0.0,0.0,0.0,0.0,0.0,1.0,0.0,0.0,0.0,0.0,0.0,0.0,0.0,0.0
15,2226w39ypRc93WBeb,1405029061_4753212266494176.0,4753212266494180.0,4,1,1,0,0,Young,Age,Age,Young,Old,0.0,4.0,0.0,1,Desktop,0.0,1.0,AUT,1.0,1.0,0.0,0.0,0.0,0.0,1.0,1.0,0.0,0.0,0.0,0.0,0.0,0.0,0.0,0.0,0.0,0.0,0.0,0.0
16,2227D8o2onrAzLT4b,24729318_2981987920.0,2981987920.0,7,0,1,0,2,Less,Utilitarian,Utilitarian,More,Less,0.0,3.0,2.0,0,,,,,0.0,0.0,0.0,1.0,0.0,0.0,0.0,0.0,0.0,0.0,0.0,0.0,1.0,0.0,0.0,1.0,0.0,0.0,0.0,0.0
17,2227HLuGTvWooXAs3,670869039_8242632941749120.0,8242632941749120.0,11,0,0,1,0,Female,Gender,Gender,Male,Female,0.0,1.0,0.0,0,Desktop,0.0,0.0,CAN,0.0,1.0,0.0,0.0,0.0,0.0,0.0,0.0,0.0,0.0,0.0,0.0,0.0,0.0,0.0,0.0,0.0,0.0,0.0,0.0
18,2227YepvBZrsgYDSs,1214766696_8665250841981151.0,8665250841981150.0,12,0,0,0,0,Fit,Fitness,Fitness,Fit,Fat,1.0,1.0,0.0,1,Desktop,1.0,0.0,USA,0.0,1.0,0.0,0.0,0.0,0.0,0.0,0.0,0.0,0.0,0.0,0.0,0.0,0.0,0.0,0.0,0.0,0.0,0.0,0.0
19,2227h9GkrNbwhBD6t,-1033736141_5392791780749771.0,5392791780749770.0,11,0,0,1,0,Male,Gender,Gender,Male,Female,1.0,1.0,0.0,0,Desktop,1.0,1.0,BRA,0.0,0.0,0.0,0.0,0.0,0.0,0.0,0.0,0.0,0.0,1.0,0.0,0.0,0.0,0.0,0.0,0.0,0.0,0.0,0.0
20,2227sfrgkT3R7PnRo,-1065868016_2391726640665288.0,2391726640665290.0,11,0,0,0,0,Pets,Species,Species,Hoomans,Pets,0.0,3.0,0.0,0,Desktop,1.0,0.0,USA,0.0,0.0,0.0,0.0,0.0,0.0,0.0,0.0,0.0,0.0,0.0,0.0,0.0,0.0,0.0,0.0,0.0,0.0,0.0,3.0
21,2228EQY3XnmTh3dq8,-1700464608_947225429117679.0,947225429117679.0,7,1,0,1,0,Less,Utilitarian,Utilitarian,More,Less,1.0,1.0,4.0,0,Desktop,1.0,1.0,EGY,0.0,0.0,0.0,0.0,0.0,0.0,1.0,0.0,0.0,0.0,0.0,0.0,0.0,0.0,0.0,0.0,0.0,0.0,0.0,0.0
22,2228uPoPgxjZfjSFd,1267756066_2461531300.0,2461531300.0,1,0,0,1,0,Male,Gender,Gender,Male,Female,1.0,1.0,0.0,1,Desktop,0.0,1.0,USA,0.0,0.0,0.0,0.0,1.0,0.0,0.0,0.0,0.0,0.0,0.0,0.0,0.0,0.0,0.0,0.0,0.0,0.0,0.0,0.0
23,2229A3nHWnXQBFMf5,-835212059_2515956109.0,2515956109.0,3,1,0,0,1,Fit,Fitness,Fitness,Fit,Fat,0.0,1.0,0.0,1,Desktop,0.0,0.0,ITA,0.0,0.0,0.0,0.0,0.0,0.0,0.0,0.0,0.0,0.0,0.0,0.0,0.0,0.0,1.0,0.0,0.0,0.0,0.0,0.0
24,2229SXhNyEGrhNLNk,532819446_307804028,307804028.0,1,0,0,1,0,More,Utilitarian,Utilitarian,More,Less,1.0,5.0,2.0,1,Desktop,0.0,1.0,FRA,0.0,0.0,0.0,0.0,0.0,0.0,0.0,0.0,1.0,1.0,0.0,0.0,0.0,0.0,1.0,0.0,0.0,2.0,0.0,0.0
25,2229huRCf9Qqwg59a,-1701534291_1631800878,1631800878.0,5,0,1,0,2,Pets,Species,Species,Hoomans,Pets,0.0,5.0,0.0,1,Desktop,0.0,1.0,USA,0.0,0.0,0.0,0.0,0.0,0.0,0.0,0.0,0.0,0.0,0.0,0.0,0.0,0.0,0.0,0.0,0.0,0.0,2.0,3.0
26,2229pfh4f9FoGARtg,-889139020_3276012506.0,3276012506.0,11,0,1,0,1,Pets,Species,Species,Hoomans,Pets,0.0,5.0,0.0,1,,,,ARG,0.0,0.0,0.0,0.0,0.0,0.0,0.0,0.0,0.0,0.0,0.0,0.0,0.0,0.0,0.0,0.0,0.0,0.0,2.0,3.0
27,2229qWoicHtyXWHJd,596330438_8731233368451661.0,8731233368451661.0,6,1,1,0,0,Old,Age,Age,Young,Old,1.0,5.0,0.0,1,Desktop,0.0,1.0,RUS,0.0,1.0,0.0,0.0,1.0,3.0,0.0,0.0,0.0,0.0,0.0,0.0,0.0,0.0,0.0,0.0,0.0,0.0,0.0,0.0
28,2229sLNgv45TmJLtt,-856623494_492281202,492281202.0,5,1,0,1,0,Young,Age,Age,Young,Old,0.0,4.0,0.0,1,Desktop,1.0,0.0,RUS,0.0,2.0,0.0,0.0,0.0,0.0,2.0,0.0,0.0,0.0,0.0,0.0,0.0,0.0,0.0,0.0,0.0,0.0,0.0,0.0
29,2229tF4FYHybPd42B,-1847355550_4243329021.0,4243329021.0,11,0,0,0,2,More,Utilitarian,Utilitarian,More,Less,1.0,5.0,2.0,0,Desktop,0.0,1.0,USA,0.0,1.0,0.0,0.0,1.0,0.0,0.0,0.0,0.0,1.0,0.0,0.0,0.0,1.0,0.0,0.0,0.0,0.0,0.0,1.0
30,2229ucE4zPoJcgccb,-446460334_1754240208,1754240208.0,6,1,1,0,0,Young,Age,Age,Young,Old,0.0,3.0,0.0,1,Desktop,0.0,0.0,CAN,1.0,0.0,0.0,0.0,0.0,0.0,1.0,1.0,0.0,0.0,0.0,0.0,0.0,0.0,0.0,0.0,0.0,0.0,0.0,0.0
31,222B4CC4ARzyyupLu,-97218140_2270524675.0,2270524675.0,13,1,0,1,0,Less,Utilitarian,Utilitarian,More,Less,1.0,4.0,1.0,1,Desktop,0.0,0.0,USA,0.0,1.0,0.0,0.0,0.0,0.0,0.0,1.0,0.0,0.0,0.0,0.0,0.0,0.0,1.0,1.0,0.0,0.0,0.0,0.0
32,222B6CnYWs5bnzZFA,-1168254657_7329569779421086.0,7329569779421090.0,2,0,0,1,0,Old,Age,Age,Young,Old,0.0,2.0,0.0,0,Desktop,1.0,1.0,USA,0.0,0.0,0.0,0.0,0.0,2.0,0.0,0.0,0.0,0.0,0.0,0.0,0.0,0.0,0.0,0.0,0.0,0.0,0.0,0.0
33,222BRvhQN9ZR9LW5h,-972264246_4277296232223713.0,4277296232223711.0,12,1,0,0,0,Hoomans,Species,Species,Hoomans,Pets,0.0,5.0,0.0,1,Desktop,1.0,0.0,BRA,0.0,1.0,0.0,0.0,0.0,2.0,0.0,0.0,1.0,0.0,0.0,0.0,0.0,0.0,0.0,0.0,1.0,0.0,0.0,0.0
34,222BcFHfAAtFszqSv,-307059908_1615458330,1615458330.0,5,1,1,0,1,More,Utilitarian,Utilitarian,More,Less,0.0,5.0,1.0,1,Mobile,0.0,0.0,DEU,0.0,1.0,0.0,1.0,0.0,0.0,0.0,1.0,0.0,0.0,0.0,0.0,0.0,0.0,0.0,0.0,0.0,0.0,1.0,1.0
35,222BhQ87fGnAC4FWY,-2134337540_4570487844678215.0,4570487844678220.0,6,1,0,0,2,Female,Gender,Gender,Male,Female,1.0,2.0,0.0,1,Desktop,0.0,1.0,BRA,0.0,2.0,0.0,0.0,0.0,0.0,0.0,0.0,0.0,0.0,0.0,0.0,0.0,0.0,0.0,0.0,0.0,0.0,0.0,0.0
36,222Bih22xMQR5brhF,-841718081_3084184331213722.0,3084184331213720.0,11,1,0,1,0,Hoomans,Species,Species,Hoomans,Pets,0.0,4.0,0.0,1,Desktop,1.0,1.0,BRA,1.0,0.0,0.0,1.0,0.0,0.0,0.0,0.0,0.0,0.0,0.0,0.0,0.0,1.0,0.0,1.0,0.0,0.0,0.0,0.0
37,222BwfGaNn8Cbw9pA,2001202824_9464775203963342.0,9464775203963340.0,5,1,1,0,2,Fat,Fitness,Fitness,Fit,Fat,1.0,2.0,0.0,0,Desktop,0.0,1.0,DEU,1.0,0.0,0.0,0.0,0.0,0.0,0.0,0.0,0.0,1.0,0.0,0.0,0.0,0.0,0.0,0.0,0.0,0.0,0.0,0.0
38,222CJwfbzPwyiYAFL,563733708_4061490935.0,4061490935.0,6,0,1,0,0,Fit,Fitness,Fitness,Fit,Fat,1.0,3.0,0.0,1,Desktop,0.0,0.0,CAN,0.0,1.0,0.0,0.0,0.0,0.0,0.0,0.0,0.0,0.0,0.0,0.0,0.0,0.0,1.0,1.0,0.0,0.0,0.0,0.0
39,222CbE88xiTMNWoH3,1804021951_405510046592469.0,405510046592469.0,4,1,0,1,0,Pets,Species,Species,Hoomans,Pets,1.0,1.0,0.0,0,Desktop,1.0,1.0,USA,0.0,0.0,0.0,0.0,0.0,0.0,0.0,0.0,0.0,0.0,0.0,0.0,0.0,0.0,0.0,0.0,0.0,0.0,1.0,0.0
40,222CswnYBmy2oamH7,-906980122_7229389655773568.0,7229389655773570.0,7,1,0,1,0,Pets,Species,Species,Hoomans,Pets,1.0,1.0,0.0,0,Desktop,0.0,1.0,IDN,0.0,0.0,0.0,0.0,0.0,0.0,0.0,0.0,0.0,0.0,0.0,0.0,0.0,0.0,0.0,0.0,0.0,0.0,0.0,1.0
41,222Ds6jjncKAX9NKZ,-354275885_3396484959539468.0,3396484959539470.0,4,0,1,0,2,More,Utilitarian,Utilitarian,More,Less,1.0,5.0,3.0,1,Desktop,0.0,1.0,AUT,0.0,0.0,0.0,0.0,0.0,1.0,0.0,0.0,0.0,1.0,1.0,0.0,0.0,1.0,0.0,1.0,0.0,0.0,0.0,0.0
42,222EFaYsJGu8PN7B2,1247311683_3858850116393528.0,3858850116393529.5,6,0,1,0,2,Female,Gender,Gender,Male,Female,0.0,2.0,0.0,1,Desktop,1.0,0.0,CAN,0.0,0.0,0.0,0.0,0.0,0.0,0.0,0.0,0.0,0.0,0.0,0.0,0.0,0.0,0.0,0.0,2.0,0.0,0.0,0.0
43,222EHgdYojDRa9vmh,-742502827_6595512434751354.0,6595512434751350.0,2,0,0,0,0,Less,Utilitarian,Utilitarian,More,Less,0.0,2.0,3.0,1,Mobile,0.0,0.0,USA,0.0,0.0,2.0,0.0,0.0,0.0,0.0,0.0,0.0,0.0,0.0,0.0,0.0,0.0,0.0,0.0,0.0,0.0,0.0,0.0
44,222EMA6HfuH3epQAR,-1777681375_4278593194428872.0,4278593194428871.0,1,0,0,0,2,Less,Random,Utilitarian,More,Less,0.0,2.0,3.0,0,Desktop,1.0,1.0,IDN,0.0,0.0,0.0,0.0,1.0,0.0,0.0,0.0,0.0,0.0,0.0,0.0,0.0,0.0,0.0,0.0,0.0,0.0,1.0,0.0
45,222EML9RReYSmaG6R,-722961631_3464412713.0,3464412713.0,1,0,0,1,0,Fit,Fitness,Fitness,Fit,Fat,1.0,5.0,0.0,1,Desktop,1.0,1.0,USA,0.0,2.0,0.0,0.0,0.0,0.0,0.0,0.0,0.0,0.0,0.0,0.0,0.0,0.0,2.0,1.0,0.0,0.0,0.0,0.0
46,222Et8Nj3Zu2DDeuX,-1588285847_8619944148457412.0,8619944148457410.0,10,1,0,1,0,Male,Gender,Gender,Male,Female,0.0,2.0,0.0,0,Desktop,0.0,1.0,BEL,0.0,0.0,0.0,0.0,0.0,0.0,0.0,0.0,0.0,0.0,0.0,0.0,1.0,0.0,0.0,0.0,0.0,1.0,0.0,0.0
47,222EtvQj9z8LLGskJ,-1844280391_675156733,675156733.0,13,1,1,0,0,Hoomans,Species,Species,Hoomans,Pets,0.0,4.0,0.0,0,Mobile,0.0,0.0,USA,0.0,1.0,0.0,0.0,1.0,1.0,1.0,0.0,0.0,0.0,0.0,0.0,0.0,0.0,0.0,0.0,0.0,0.0,0.0,0.0
48,222ExJyBWw92ii95N,610674727_4967821486078208.0,4967821486078210.0,2,1,1,0,0,Fat,Fitness,Fitness,Fit,Fat,1.0,5.0,0.0,0,Desktop,1.0,1.0,BEL,1.0,3.0,0.0,0.0,0.0,0.0,0.0,0.0,0.0,1.0,0.0,0.0,0.0,0.0,0.0,0.0,0.0,0.0,0.0,0.0
49,222FT9fvbKwBrHNyN,471976686_5877002946438568.0,5877002946438570.0,12,1,0,0,2,Old,Age,Age,Young,Old,1.0,3.0,0.0,0,Desktop,0.0,0.0,BRA,1.0,0.0,0.0,0.0,2.0,0.0,0.0,0.0,0.0,0.0,0.0,0.0,0.0,0.0,0.0,0.0,0.0,0.0,0.0,0.0
50,222FeDqdjF7arHsBe,-1196718414_3957475684404117.0,3957475684404120.0,13,0,1,0,2,Less,Utilitarian,Utilitarian,More,Less,0.0,1.0,4.0,0,Desktop,0.0,1.0,USA,0.0,0.0,0.0,0.0,0.0,1.0,0.0,0.0,0.0,0.0,0.0,0.0,0.0,0.0,0.0,0.0,0.0,0.0,0.0,0.0
51,222G9QicFQrQM2swT,-1383523101_6414093638043807.0,6414093638043810.0,10,0,0,0,2,Hoomans,Species,Species,Hoomans,Pets,1.0,3.0,0.0,0,Desktop,0.0,0.0,USA,0.0,0.0,0.0,0.0,0.0,1.0,0.0,1.0,0.0,0.0,0.0,0.0,1.0,0.0,0.0,0.0,0.0,0.0,0.0,0.0
52,222GF5n25wm2sB4TK,1073329312_1329715248,1329715248.0,10,0,0,1,0,Hoomans,Species,Species,Hoomans,Pets,1.0,4.0,0.0,1,Desktop,1.0,0.0,GBR,1.0,1.0,0.0,0.0,1.0,0.0,0.0,0.0,0.0,0.0,0.0,1.0,0.0,0.0,0.0,0.0,0.0,0.0,0.0,0.0
53,222GPgdeTGjHcdbw6,-1981382485_5207476621553699.0,5207476621553700.0,1,0,1,0,0,Young,Age,Age,Young,Old,1.0,4.0,0.0,1,Desktop,1.0,1.0,ESP,1.0,2.0,0.0,0.0,0.0,0.0,1.0,0.0,0.0,0.0,0.0,0.0,0.0,0.0,0.0,0.0,0.0,0.0,0.0,0.0
54,222GcgT26cvzmZnAw,-1570539433_2669687398.0,2669687398.0,7,0,0,0,1,Pets,Species,Species,Hoomans,Pets,0.0,2.0,0.0,1,Desktop,0.0,0.0,FRA,0.0,0.0,0.0,0.0,0.0,0.0,0.0,0.0,0.0,0.0,0.0,0.0,0.0,0.0,0.0,0.0,0.0,0.0,2.0,0.0
55,222HMnxZdioe5M3BP,-23585481_8012408592356088.0,8012408592356090.0,9,0,0,0,0,Old,Age,Age,Young,Old,0.0,4.0,0.0,0,Desktop,0.0,1.0,FRA,0.0,2.0,0.0,0.0,0.0,2.0,0.0,0.0,0.0,0.0,0.0,0.0,0.0,0.0,0.0,0.0,0.0,0.0,0.0,0.0
56,222Ha3MG8wsm2BDF8,-829671620_4940167386854920.0,4940167386854920.0,8,1,1,0,0,Pets,Species,Species,Hoomans,Pets,1.0,1.0,0.0,0,Desktop,1.0,0.0,FRA,0.0,0.0,0.0,0.0,0.0,0.0,0.0,0.0,0.0,0.0,0.0,0.0,0.0,0.0,0.0,0.0,0.0,0.0,0.0,1.0
57,222Ha3eppZn9c8Z7f,-795733796_6919265287792666.0,6919265287792670.0,3,0,1,0,2,Fat,Fitness,Fitness,Fit,Fat,0.0,1.0,0.0,0,Desktop,0.0,0.0,IND,0.0,0.0,0.0,0.0,0.0,0.0,0.0,0.0,0.0,1.0,0.0,0.0,0.0,0.0,0.0,0.0,0.0,0.0,0.0,0.0
58,222HmCbAFZx3wmK2r,1711159095_5773136194521877.0,5773136194521880.0,7,0,0,0,2,Young,Age,Age,Young,Old,1.0,2.0,0.0,1,Desktop,0.0,0.0,TUR,0.0,0.0,0.0,0.0,0.0,0.0,1.0,1.0,0.0,0.0,0.0,0.0,0.0,0.0,0.0,0.0,0.0,0.0,0.0,0.0
59,222HoP93WuJgkceno,-1978548163_4623751576222472.0,4623751576222470.0,11,0,0,1,0,Rand,Random,Random,,,,3.0,2.0,1,Mobile,0.0,1.0,BRA,1.0,0.0,0.0,0.0,0.0,0.0,1.0,0.0,0.0,0.0,1.0,0.0,0.0,0.0,0.0,0.0,0.0,0.0,0.0,0.0
60,222HpiEf2LtAwEg62,-1232628507_1597557389,1597557389.0,5,0,0,1,0,Female,Gender,Gender,Male,Female,0.0,2.0,0.0,0,,,,UKR,0.0,0.0,0.0,0.0,0.0,1.0,0.0,0.0,0.0,1.0,0.0,0.0,0.0,0.0,0.0,0.0,0.0,0.0,0.0,0.0
61,222HtfTjZvdkBzjKy,650097565_638989886,638989886.0,1,0,0,0,0,High,Social Status,Social Status,High,Low,1.0,3.0,0.0,0,Mobile,0.0,1.0,JPN,1.0,1.0,0.0,0.0,0.0,0.0,0.0,0.0,0.0,0.0,0.0,0.0,1.0,0.0,0.0,0.0,0.0,0.0,0.0,0.0
62,222JBu4KkKjnFQC9P,988708286_2649771417.0,2649771417.0,12,0,0,0,0,Male,Gender,Gender,Male,Female,1.0,1.0,0.0,0,Desktop,0.0,0.0,AUT,1.0,0.0,0.0,0.0,0.0,0.0,0.0,0.0,0.0,0.0,0.0,0.0,0.0,0.0,0.0,0.0,0.0,0.0,0.0,0.0
63,222JKmBZudkhxWTPT,-274259431_2801963307.0,2801963307.0,3,0,1,0,0,Less,Utilitarian,Utilitarian,More,Less,0.0,3.0,2.0,0,,,,USA,0.0,0.0,0.0,0.0,0.0,0.0,0.0,0.0,0.0,0.0,0.0,0.0,0.0,0.0,1.0,1.0,1.0,0.0,0.0,0.0
64,222K7e4KRaDXWGKkx,-2076117235_3906462240.0,3906462240.0,6,1,1,0,1,Fat,Fitness,Fitness,Fit,Fat,1.0,1.0,0.0,1,,,,CAN,0.0,0.0,0.0,0.0,0.0,0.0,0.0,0.0,0.0,0.0,1.0,0.0,0.0,0.0,0.0,0.0,0.0,0.0,0.0,0.0
65,222KJyHDiDxGwLogn,-1202023243_708465746637312.0,708465746637312.0,6,0,0,0,2,Fat,Fitness,Fitness,Fit,Fat,0.0,1.0,0.0,0,Desktop,0.0,1.0,ISR,0.0,1.0,0.0,0.0,0.0,0.0,0.0,0.0,0.0,0.0,0.0,0.0,0.0,0.0,0.0,0.0,0.0,0.0,0.0,0.0
66,222Kb2HJtGmW4hZLs,1798663766_8345248645780505.0,8345248645780510.0,2,0,0,1,0,More,Utilitarian,Utilitarian,More,Less,1.0,5.0,3.0,1,Desktop,1.0,0.0,TUR,1.0,0.0,0.0,0.0,1.0,0.0,0.0,0.0,0.0,2.0,0.0,0.0,0.0,0.0,0.0,1.0,0.0,0.0,0.0,0.0
67,222KuWty7pNeiv77a,1654911454_3639764894860440.0,3639764894860440.0,8,0,1,0,0,Low,Social Status,Social Status,High,Low,0.0,2.0,0.0,0,Desktop,1.0,1.0,USA,0.0,0.0,0.0,0.0,0.0,0.0,0.0,0.0,2.0,0.0,0.0,0.0,0.0,0.0,0.0,0.0,0.0,0.0,0.0,0.0
68,222Kum7ha4yJej6iD,-1220144668_1944684813,1944684813.0,4,0,0,1,0,Rand,Random,Random,,,,1.0,2.0,1,,,,CAN,0.0,0.0,0.0,0.0,0.0,0.0,0.0,0.0,0.0,1.0,0.0,0.0,0.0,0.0,0.0,0.0,0.0,0.0,0.0,0.0
69,222LDp4wz24C3chzj,-1679158262_3623236506.0,3623236506.0,10,0,0,0,0,Fat,Fitness,Fitness,Fit,Fat,0.0,2.0,0.0,0,,,,DEU,1.0,0.0,0.0,0.0,0.0,0.0,0.0,0.0,0.0,1.0,0.0,0.0,0.0,0.0,0.0,0.0,0.0,0.0,0.0,0.0
70,222LLLPTWXxrCRNC6,432632985_3566498008.0,3566498008.0,9,0,1,0,2,Fat,Fitness,Fitness,Fit,Fat,0.0,2.0,0.0,0,Mobile,0.0,0.0,USA,0.0,0.0,0.0,0.0,0.0,0.0,0.0,0.0,0.0,2.0,0.0,0.0,0.0,0.0,0.0,0.0,0.0,0.0,0.0,0.0
71,222LecKQTTt8Z2Zdn,200951175_9115261360413654.0,9115261360413650.0,6,0,0,0,2,Fat,Fitness,Fitness,Fit,Fat,0.0,5.0,0.0,0,Desktop,1.0,0.0,DEU,1.0,1.0,0.0,0.0,0.0,0.0,0.0,0.0,0.0,2.0,1.0,0.0,0.0,0.0,0.0,0.0,0.0,0.0,0.0,0.0
72,222MLcT8Yx5jeEJCh,-1377294855_5426695497787988.0,5426695497787990.0,9,0,1,0,0,Fit,Fitness,Fitness,Fit,Fat,1.0,5.0,0.0,0,Mobile,0.0,0.0,ISR,2.0,0.0,0.0,0.0,0.0,0.0,0.0,0.0,0.0,0.0,0.0,0.0,0.0,0.0,2.0,1.0,0.0,0.0,0.0,0.0
73,222MRgzWFnXGBGheN,-711809117_2818729990.0,2818729990.0,10,1,0,0,0,More,Utilitarian,Utilitarian,More,Less,0.0,5.0,1.0,0,,,,FRA,1.0,0.0,1.0,0.0,0.0,0.0,1.0,1.0,0.0,0.0,0.0,0.0,0.0,0.0,0.0,0.0,0.0,0.0,1.0,0.0
74,222MdxxSsk345LS6x,-243573564_2521040332590927.0,2521040332590930.0,12,0,0,1,0,More,Utilitarian,Utilitarian,More,Less,1.0,5.0,2.0,0,Desktop,0.0,1.0,BRA,0.0,0.0,1.0,0.0,0.0,0.0,0.0,0.0,0.0,0.0,1.0,1.0,1.0,1.0,0.0,0.0,0.0,0.0,0.0,0.0
75,222MkkbnENB72sHdw,-1775995825_1065349875950416.0,1065349875950420.0,12,0,1,0,0,Pets,Species,Species,Hoomans,Pets,0.0,3.0,0.0,0,Desktop,0.0,1.0,ITA,0.0,0.0,0.0,0.0,0.0,0.0,0.0,0.0,0.0,0.0,0.0,0.0,0.0,0.0,0.0,0.0,0.0,0.0,2.0,1.0
76,222MzK9uyefzyFaSz,-1402962238_1983785972223293.0,1983785972223290.0,6,1,1,0,2,More,Utilitarian,Utilitarian,More,Less,0.0,5.0,2.0,0,Desktop,1.0,0.0,PAN,0.0,0.0,0.0,0.0,0.0,1.0,0.0,1.0,1.0,0.0,0.0,0.0,0.0,0.0,0.0,0.0,0.0,1.0,0.0,1.0
77,222NBnsJ4JkEyM8S5,857324962_4165688670.0,4165688670.0,6,0,0,0,0,Hoomans,Species,Species,Hoomans,Pets,1.0,1.0,0.0,1,Mobile,0.0,0.0,USA,0.0,0.0,0.0,0.0,0.0,1.0,0.0,0.0,0.0,0.0,0.0,0.0,0.0,0.0,0.0,0.0,0.0,0.0,0.0,0.0
78,222NFPTrxfXSEddHK,-1179966561_1951098905,1951098905.0,5,0,1,0,2,Fit,Fitness,Fitness,Fit,Fat,1.0,2.0,0.0,1,,,,ESP,1.0,0.0,0.0,0.0,0.0,0.0,0.0,0.0,0.0,0.0,0.0,0.0,0.0,0.0,1.0,0.0,0.0,0.0,0.0,0.0
79,222NJBPymsQHpXzAz,1751099850_3561793468.0,3561793468.0,6,0,1,0,0,Female,Gender,Gender,Male,Female,0.0,4.0,0.0,0,Mobile,0.0,0.0,LTU,0.0,1.0,0.0,0.0,0.0,0.0,0.0,0.0,0.0,1.0,0.0,0.0,0.0,0.0,1.0,0.0,1.0,0.0,0.0,0.0
80,222Nddt36cP8nS6qt,1841220593_6425177085080006.0,6425177085080010.0,11,0,0,0,2,Female,Gender,Gender,Male,Female,0.0,5.0,0.0,0,Desktop,1.0,1.0,USA,0.0,2.0,0.0,0.0,0.0,0.0,0.0,1.0,0.0,1.0,0.0,0.0,0.0,0.0,1.0,0.0,0.0,0.0,0.0,0.0
81,222Nz4x7Gz7BhYzd3,2085856881_2465676825.0,2465676825.0,5,0,0,0,2,More,Utilitarian,Utilitarian,More,Less,1.0,5.0,2.0,1,Desktop,1.0,1.0,USA,0.0,1.0,0.0,0.0,0.0,0.0,0.0,1.0,1.0,1.0,0.0,0.0,0.0,1.0,0.0,0.0,0.0,0.0,0.0,0.0
82,222PHdLJp378Fr9rn,-332928266_2744483214.0,2744483214.0,4,1,1,0,1,Young,Age,Age,Young,Old,0.0,5.0,0.0,1,Desktop,0.0,1.0,RUS,1.0,3.0,0.0,0.0,0.0,0.0,1.0,0.0,0.0,0.0,0.0,0.0,0.0,0.0,0.0,0.0,0.0,0.0,0.0,0.0
83,222PL8SYdZnhNnSGp,-2091429432_6630077581817493.0,6630077581817490.0,1,0,1,0,1,Hoomans,Species,Species,Hoomans,Pets,1.0,3.0,0.0,1,Mobile,0.0,1.0,DEU,1.0,0.0,0.0,0.0,0.0,0.0,0.0,0.0,1.0,1.0,0.0,0.0,0.0,0.0,0.0,0.0,0.0,0.0,0.0,0.0
84,222PW32MxQEKFGbQP,1536158629_3578139302.0,3578139302.0,4,0,0,1,0,Fat,Fitness,Fitness,Fit,Fat,0.0,3.0,0.0,1,Mobile,0.0,1.0,SGP,1.0,2.0,0.0,0.0,0.0,0.0,0.0,0.0,0.0,0.0,0.0,0.0,0.0,0.0,0.0,0.0,0.0,0.0,0.0,0.0
85,222Q3MSxQNhHmSZeZ,894792640_2221460557.0,2221460557.0,13,0,0,0,0,Pets,Species,Species,Hoomans,Pets,0.0,2.0,0.0,0,Mobile,0.0,1.0,USA,0.0,0.0,0.0,0.0,0.0,0.0,0.0,0.0,0.0,0.0,0.0,0.0,0.0,0.0,0.0,0.0,0.0,0.0,1.0,1.0
86,222QZJECtpy5mr8CM,-380581848_1827335330,1827335330.0,4,1,0,1,0,Fat,Fitness,Fitness,Fit,Fat,1.0,5.0,0.0,0,Mobile,0.0,0.0,USA,0.0,0.0,0.0,0.0,0.0,0.0,0.0,0.0,0.0,2.0,3.0,0.0,0.0,0.0,0.0,0.0,0.0,0.0,0.0,0.0
87,222QfjDxARyLutHpJ,1861265140_3903938088.0,3903938088.0,13,0,0,1,0,Fit,Fitness,Fitness,Fit,Fat,1.0,1.0,0.0,0,Desktop,0.0,0.0,USA,0.0,0.0,0.0,0.0,0.0,0.0,0.0,0.0,0.0,0.0,0.0,0.0,0.0,0.0,0.0,1.0,0.0,0.0,0.0,0.0
88,222QgBRgQhNqKAQs9,-2056404518_8160408824100820.0,8160408824100819.0,3,0,1,0,0,Hoomans,Species,Species,Hoomans,Pets,1.0,3.0,0.0,1,Mobile,0.0,1.0,PRT,0.0,0.0,0.0,0.0,0.0,0.0,1.0,0.0,0.0,1.0,0.0,0.0,0.0,0.0,0.0,1.0,0.0,0.0,0.0,0.0
89,222QzjiMNk5HMyMKx,-1639604395_5131937648499882.0,5131937648499880.0,10,0,1,0,0,Less,Utilitarian,Utilitarian,More,Less,0.0,3.0,2.0,0,Desktop,1.0,1.0,HUN,0.0,0.0,0.0,1.0,0.0,0.0,0.0,0.0,0.0,0.0,0.0,1.0,0.0,0.0,0.0,0.0,1.0,0.0,0.0,0.0
90,222RkmRCjNaQtatpJ,1422713895_6514125638536772.0,6514125638536770.0,6,0,1,0,0,Young,Age,Age,Young,Old,1.0,4.0,0.0,1,Mobile,0.0,1.0,BRA,1.0,1.0,0.0,0.0,0.0,0.0,0.0,2.0,0.0,0.0,0.0,0.0,0.0,0.0,0.0,0.0,0.0,0.0,0.0,0.0
91,222RodpgMLvcntBQg,1817935559_3018020296.0,3018020296.0,1,1,1,0,1,Female,Gender,Gender,Male,Female,1.0,5.0,0.0,1,,,,RUS,0.0,0.0,0.0,0.0,0.0,1.0,0.0,2.0,0.0,1.0,0.0,0.0,0.0,1.0,0.0,0.0,0.0,0.0,0.0,0.0
92,222S7rq69faYEihF4,1397532091_1609578491992707.0,1609578491992710.0,5,1,0,1,0,Less,Utilitarian,Utilitarian,More,Less,1.0,4.0,1.0,0,Desktop,0.0,0.0,DEU,0.0,0.0,0.0,0.0,0.0,0.0,0.0,0.0,0.0,1.0,2.0,0.0,0.0,0.0,0.0,1.0,0.0,0.0,0.0,0.0
93,222SDYMqsbK8meW2s,-1338180151_8285691591257951.0,8285691591257950.0,3,0,1,0,0,Less,Utilitarian,Utilitarian,More,Less,0.0,1.0,4.0,0,Desktop,1.0,1.0,RUS,0.0,0.0,0.0,0.0,0.0,0.0,0.0,0.0,0.0,0.0,0.0,0.0,0.0,0.0,0.0,0.0,0.0,1.0,0.0,0.0
94,222SG2nZwtNwMqvLY,1943298781_5221655517828019.0,5221655517828020.0,1,1,0,1,0,Pets,Species,Species,Hoomans,Pets,1.0,3.0,0.0,0,Desktop,0.0,0.0,DEU,0.0,0.0,0.0,0.0,0.0,0.0,0.0,0.0,0.0,0.0,0.0,0.0,0.0,0.0,0.0,0.0,0.0,0.0,1.0,2.0
95,222SL8ieKDTpzTCSJ,-880047632_3815897769875482.0,3815897769875480.0,3,1,0,0,1,Old,Age,Age,Young,Old,1.0,4.0,0.0,1,Desktop,0.0,0.0,FRA,1.0,1.0,0.0,0.0,2.0,0.0,0.0,0.0,0.0,0.0,0.0,0.0,0.0,0.0,0.0,0.0,0.0,0.0,0.0,0.0
96,222SSFv6WZbJnvJZo,-1981590644_2713756633.0,2713756633.0,8,0,0,0,2,High,Social Status,Social Status,High,Low,1.0,2.0,0.0,1,Mobile,0.0,1.0,USA,1.0,0.0,0.0,0.0,0.0,0.0,0.0,0.0,0.0,0.0,0.0,0.0,0.0,1.0,0.0,0.0,0.0,0.0,0.0,0.0
97,222ShmqkQv3rGjJWB,-234633561_7933491505126380.0,7933491505126381.0,1,0,0,1,0,Fat,Fitness,Fitness,Fit,Fat,0.0,4.0,0.0,0,Desktop,0.0,1.0,ESP,0.0,0.0,0.0,0.0,0.0,0.0,0.0,0.0,0.0,4.0,0.0,0.0,0.0,0.0,0.0,0.0,0.0,0.0,0.0,0.0
98,222T4BmFwz6mPu7ez,-1383863966_5118831762152519.0,5118831762152520.0,4,0,0,1,0,Young,Age,Age,Young,Old,1.0,3.0,0.0,0,Mobile,0.0,0.0,BRA,1.0,0.0,0.0,0.0,0.0,0.0,2.0,0.0,0.0,0.0,0.0,0.0,0.0,0.0,0.0,0.0,0.0,0.0,0.0,0.0
99,222TNna7aCQXSwvLY,-1119591559_6691397822989533.0,6691397822989530.0,5,0,1,0,0,Old,Age,Age,Young,Old,0.0,2.0,0.0,0,Desktop,0.0,0.0,USA,0.0,0.0,0.0,0.0,1.0,1.0,0.0,0.0,0.0,0.0,0.0,0.0,0.0,0.0,0.0,0.0,0.0,0.0,0.0,0.0
100,222W4HesT5xJErJXq,-1524901107_7387382678135673.0,7387382678135670.0,12,0,1,0,0,Fit,Fitness,Fitness,Fit,Fat,1.0,5.0,0.0,1,Mobile,0.0,1.0,USA,1.0,1.0,0.0,0.0,0.0,0.0,0.0,0.0,0.0,0.0,0.0,0.0,0.0,0.0,1.0,2.0,0.0,0.0,0.0,0.0
101,222XLzZWb6wQYzH7r,771987257_2685977220972844.0,2685977220972840.0,5,0,1,0,0,Less,Utilitarian,Utilitarian,More,Less,0.0,2.0,3.0,0,Desktop,0.0,1.0,BRA,0.0,0.0,0.0,0.0,0.0,0.0,1.0,0.0,0.0,0.0,0.0,0.0,0.0,0.0,0.0,0.0,0.0,0.0,1.0,0.0
102,222XgF36apZjR5CNF,-122931879_437315157941489.0,437315157941489.0,2,0,1,0,1,Fit,Fitness,Fitness,Fit,Fat,1.0,5.0,0.0,0,Desktop,0.0,0.0,ISR,0.0,0.0,0.0,0.0,0.0,0.0,0.0,0.0,0.0,0.0,0.0,0.0,0.0,0.0,2.0,3.0,0.0,0.0,0.0,0.0
103,222XhgAq5S3Xd3cek,1624429376_1159920156422500.0,1159920156422500.0,2,0,0,0,1,Pets,Species,Species,Hoomans,Pets,0.0,5.0,0.0,1,Desktop,1.0,0.0,BRA,0.0,0.0,0.0,0.0,0.0,0.0,0.0,0.0,0.0,0.0,0.0,0.0,0.0,0.0,0.0,0.0,0.0,0.0,1.0,4.0
104,222Xwx6bdJRAFdD4Y,2054634367_3283900399.0,3283900399.0,2,1,0,1,0,Fit,Fitness,Fitness,Fit,Fat,0.0,5.0,0.0,0,Desktop,0.0,0.0,FIN,1.0,0.0,0.0,0.0,0.0,0.0,0.0,0.0,0.0,0.0,0.0,0.0,0.0,0.0,4.0,0.0,0.0,0.0,0.0,0.0
105,222Y95MyLSTGyfsb3,195917119_7639061770244326.0,7639061770244330.0,10,1,0,1,0,Fat,Fitness,Fitness,Fit,Fat,1.0,5.0,0.0,1,Desktop,0.0,0.0,USA,1.0,3.0,0.0,0.0,0.0,0.0,0.0,0.0,0.0,1.0,0.0,0.0,0.0,0.0,0.0,0.0,0.0,0.0,0.0,0.0
106,222YJihJCKFB2CKAY,1682630791_3762491707529776.0,3762491707529780.0,13,0,1,0,1,Fat,Fitness,Fitness,Fit,Fat,0.0,2.0,0.0,1,Desktop,0.0,1.0,USA,1.0,0.0,0.0,0.0,0.0,0.0,0.0,0.0,0.0,0.0,1.0,0.0,0.0,0.0,0.0,0.0,0.0,0.0,0.0,0.0
107,222YP87KA2EwZpYub,714578746_312767680,312767680.0,11,1,0,0,2,Fat,Fitness,Fitness,Fit,Fat,1.0,4.0,0.0,0,Mobile,0.0,1.0,DEU,1.0,2.0,0.0,0.0,0.0,0.0,0.0,0.0,0.0,1.0,0.0,0.0,0.0,0.0,0.0,0.0,0.0,0.0,0.0,0.0
108,222YQR9GNpv5dGNbo,-189809524_4315777279753023.0,4315777279753020.0,9,1,0,1,0,Rand,Random,Random,,,,1.0,2.0,0,Desktop,1.0,1.0,POL,0.0,0.0,0.0,0.0,0.0,0.0,0.0,0.0,1.0,0.0,0.0,0.0,0.0,0.0,0.0,0.0,0.0,0.0,0.0,0.0
109,222YbZhqayZ6Y7rLG,763750221_2923873840055911.0,2923873840055910.0,4,1,1,0,0,Fat,Fitness,Fitness,Fit,Fat,1.0,3.0,0.0,1,Mobile,0.0,1.0,BEL,0.0,0.0,0.0,0.0,0.0,0.0,0.0,0.0,0.0,1.0,2.0,0.0,0.0,0.0,0.0,0.0,0.0,0.0,0.0,0.0
110,222Yy9nyhqj5WEEFS,967337313_3212414775.0,3212414775.0,5,0,1,0,2,Female,Gender,Gender,Male,Female,0.0,3.0,0.0,1,Desktop,0.0,1.0,CHL,0.0,1.0,0.0,0.0,0.0,0.0,0.0,0.0,0.0,1.0,0.0,0.0,0.0,0.0,1.0,0.0,0.0,0.0,0.0,0.0
111,222ZZQt4Bp6rRE3QZ,754941537_7924022415156118.0,7924022415156120.0,13,1,0,1,0,Old,Age,Age,Young,Old,1.0,3.0,0.0,0,Desktop,1.0,0.0,GBR,0.0,1.0,0.0,0.0,2.0,0.0,0.0,0.0,0.0,0.0,0.0,0.0,0.0,0.0,0.0,0.0,0.0,0.0,0.0,0.0
112,222ZkfTJL7nPeeY6W,-1987245779_4345124104306714.0,4345124104306711.0,6,0,0,1,0,Less,Utilitarian,Utilitarian,More,Less,0.0,3.0,2.0,0,Desktop,0.0,0.0,USA,0.0,0.0,0.0,0.0,0.0,0.0,0.0,0.0,0.0,0.0,1.0,0.0,1.0,0.0,0.0,0.0,0.0,0.0,0.0,1.0
113,222b5Aun6BkvbFk4i,-1783462876_4141053342.0,4141053342.0,9,0,0,0,1,Rand,Random,Random,,,,2.0,1.0,1,Desktop,1.0,0.0,CAN,0.0,0.0,0.0,0.0,0.0,0.0,1.0,1.0,0.0,0.0,0.0,0.0,0.0,0.0,0.0,0.0,0.0,0.0,0.0,0.0
114,222b62mhuWgxByyWf,876206706_5806588850482173.0,5806588850482170.0,11,1,0,1,0,Fat,Fitness,Fitness,Fit,Fat,1.0,3.0,0.0,0,Desktop,0.0,1.0,TUR,0.0,1.0,0.0,0.0,0.0,0.0,0.0,0.0,0.0,2.0,0.0,0.0,0.0,0.0,0.0,0.0,0.0,0.0,0.0,0.0
115,222bGawNnQeW8P2tJ,2120013689_1734975606,1734975606.0,1,0,1,0,2,Young,Age,Age,Young,Old,1.0,1.0,0.0,0,,,,DEU,0.0,0.0,0.0,0.0,0.0,0.0,1.0,0.0,0.0,0.0,0.0,0.0,0.0,0.0,0.0,0.0,0.0,0.0,0.0,0.0
116,222bQ7WnHspyg3DWD,-2070932624_319833521533036.0,319833521533036.0,1,0,1,0,2,High,Social Status,Social Status,High,Low,1.0,1.0,0.0,1,Mobile,0.0,1.0,HUN,1.0,0.0,0.0,0.0,0.0,0.0,0.0,0.0,0.0,0.0,0.0,0.0,0.0,0.0,0.0,0.0,0.0,0.0,0.0,0.0
117,222bRAyDt5N388CB5,2083702393_1074656730152756.0,1074656730152760.0,3,0,0,1,0,Less,Utilitarian,Utilitarian,More,Less,0.0,1.0,4.0,0,Mobile,0.0,0.0,DEU,0.0,0.0,0.0,0.0,0.0,0.0,0.0,0.0,0.0,0.0,1.0,0.0,0.0,0.0,0.0,0.0,0.0,0.0,0.0,0.0
118,222bW6iKRZCheMf9c,-517473625_2436768756.0,2436768756.0,2,1,0,0,1,Fit,Fitness,Fitness,Fit,Fat,0.0,5.0,0.0,0,,,,AUS,0.0,1.0,0.0,0.0,0.0,0.0,0.0,0.0,0.0,0.0,0.0,0.0,0.0,0.0,1.0,3.0,0.0,0.0,0.0,0.0
119,222bh6ceSDJvxhaak,329642844_496228042967179.0,496228042967179.0,4,1,1,0,0,Hoomans,Species,Species,Hoomans,Pets,0.0,2.0,0.0,1,Mobile,0.0,1.0,BRA,0.0,0.0,1.0,0.0,0.0,0.0,0.0,0.0,0.0,0.0,0.0,0.0,1.0,0.0,0.0,0.0,0.0,0.0,0.0,0.0
120,222cT7cNHuupkipSw,-251772964_8091154612910210.0,8091154612910210.0,13,0,1,0,0,Rand,Fitness,Random,,,,1.0,0.0,0,Desktop,0.0,1.0,SWE,0.0,0.0,0.0,0.0,0.0,0.0,0.0,0.0,0.0,0.0,0.0,0.0,0.0,0.0,0.0,1.0,0.0,0.0,0.0,0.0
121,222ckLov2wm2iMvLP,1801557674_6474255020191042.0,6474255020191040.0,13,1,0,0,0,Hoomans,Species,Species,Hoomans,Pets,0.0,3.0,0.0,1,Desktop,1.0,0.0,DEU,0.0,0.0,0.0,0.0,0.0,0.0,0.0,0.0,0.0,0.0,0.0,1.0,0.0,1.0,0.0,0.0,1.0,0.0,0.0,0.0
122,222cnkySH8XayXEEW,-1035923495_3966161464268198.0,3966161464268200.0,6,0,0,0,0,Old,Age,Age,Young,Old,0.0,4.0,0.0,0,Desktop,1.0,0.0,SVN,0.0,0.0,0.0,0.0,2.0,2.0,0.0,0.0,0.0,0.0,0.0,0.0,0.0,0.0,0.0,0.0,0.0,0.0,0.0,0.0
123,222cx2cDfognknC4f,315120929_3037833672.0,3037833672.0,1,0,0,0,0,Pets,Species,Species,Hoomans,Pets,0.0,3.0,0.0,0,,,,ESP,0.0,0.0,0.0,0.0,0.0,0.0,0.0,0.0,0.0,0.0,0.0,0.0,0.0,0.0,0.0,0.0,0.0,0.0,1.0,2.0
124,222czkHw7guztbtsn,-1619630329_136660836224773.0,136660836224773.0,13,0,0,0,1,Fat,Fitness,Fitness,Fit,Fat,0.0,1.0,0.0,1,Desktop,1.0,1.0,RUS,0.0,0.0,0.0,0.0,0.0,0.0,0.0,0.0,0.0,0.0,1.0,0.0,0.0,0.0,0.0,0.0,0.0,0.0,0.0,0.0
125,222dLZk9mHDCcaohv,-2091969527_8262638816177890.0,8262638816177890.0,7,1,0,1,0,Young,Age,Age,Young,Old,0.0,1.0,0.0,1,Mobile,0.0,1.0,NLD,0.0,1.0,0.0,0.0,0.0,0.0,0.0,0.0,0.0,0.0,0.0,0.0,0.0,0.0,0.0,0.0,0.0,0.0,0.0,0.0
126,222dMaG2vb5QB5mSA,1604846764_2299240115.0,2299240115.0,12,0,1,0,2,More,Utilitarian,Utilitarian,More,Less,1.0,5.0,4.0,1,,,,USA,0.0,0.0,0.0,0.0,0.0,1.0,1.0,0.0,0.0,0.0,0.0,1.0,0.0,0.0,0.0,0.0,0.0,2.0,0.0,0.0
127,222dTAcKvnxBWoKHd,405610652_1866483508770298.0,1866483508770300.0,5,0,1,0,2,Less,Utilitarian,Utilitarian,More,Less,0.0,3.0,2.0,0,Desktop,1.0,1.0,TWN,0.0,0.0,1.0,0.0,1.0,0.0,0.0,0.0,0.0,0.0,0.0,0.0,0.0,0.0,0.0,0.0,0.0,1.0,0.0,0.0
128,222dZwp7jYt7FrkfQ,781757349_7305361930957958.0,7305361930957960.0,13,1,1,0,0,Female,Gender,Gender,Male,Female,1.0,1.0,0.0,1,Mobile,0.0,0.0,USA,0.0,0.0,0.0,0.0,0.0,1.0,0.0,0.0,0.0,0.0,0.0,0.0,0.0,0.0,0.0,0.0,0.0,0.0,0.0,0.0
129,222dr9spcigStaqwh,-118365247_3239179432.0,3239179432.0,2,0,0,1,0,Less,Utilitarian,Utilitarian,More,Less,0.0,2.0,3.0,1,,,,POL,0.0,0.0,0.0,0.0,0.0,0.0,0.0,0.0,0.0,0.0,1.0,1.0,0.0,0.0,0.0,0.0,0.0,0.0,0.0,0.0
130,222eXyoNew3yhozFZ,-2143395746_5897031988670582.0,5897031988670580.0,9,0,1,0,0,Female,Gender,Gender,Male,Female,0.0,3.0,0.0,1,Desktop,1.0,1.0,GBR,0.0,0.0,0.0,0.0,0.0,1.0,0.0,0.0,0.0,1.0,0.0,0.0,0.0,0.0,1.0,0.0,0.0,0.0,0.0,0.0
131,222equC8ZptNyb6Tg,-745963420_9590349094911780.0,9590349094911780.0,8,0,1,0,1,Less,Utilitarian,Utilitarian,More,Less,0.0,2.0,3.0,1,Desktop,0.0,0.0,ABW,0.0,0.0,2.0,0.0,0.0,0.0,0.0,0.0,0.0,0.0,0.0,0.0,0.0,0.0,0.0,0.0,0.0,0.0,0.0,0.0
132,222fAoTHX5JKefgLJ,1230755694_1777229206,1777229206.0,2,0,0,1,0,Rand,Random,Random,,,,5.0,1.0,1,Desktop,1.0,1.0,FRA,0.0,2.0,0.0,0.0,0.0,0.0,0.0,0.0,0.0,0.0,0.0,1.0,1.0,1.0,0.0,0.0,0.0,0.0,0.0,0.0
133,222fB8YJGZ3iWx6EJ,711281267_4128144857.0,4128144857.0,13,1,1,0,0,More,Utilitarian,Utilitarian,More,Less,0.0,5.0,4.0,1,Desktop,0.0,1.0,DEU,0.0,0.0,0.0,0.0,0.0,2.0,0.0,1.0,0.0,0.0,0.0,0.0,1.0,1.0,0.0,0.0,0.0,0.0,0.0,0.0
134,222fFAwQ358ByGg3C,658915092_1923873258,1923873258.0,12,0,0,1,0,Fit,Fitness,Fitness,Fit,Fat,1.0,3.0,0.0,0,,,,FRA,0.0,0.0,0.0,0.0,0.0,0.0,0.0,0.0,0.0,0.0,0.0,0.0,0.0,0.0,3.0,0.0,0.0,0.0,0.0,0.0
135,222fXTmjrmjJx8k4r,-1557594743_796056206714226.0,796056206714226.0,9,1,0,0,0,Fit,Fitness,Fitness,Fit,Fat,0.0,4.0,0.0,1,Desktop,0.0,0.0,AUS,2.0,1.0,0.0,0.0,0.0,0.0,0.0,0.0,0.0,0.0,0.0,0.0,0.0,0.0,0.0,1.0,0.0,0.0,0.0,0.0
136,222fc9RoPgCL3uYD9,1536453133_3298024462.0,3298024462.0,13,1,0,1,0,Male,Gender,Gender,Male,Female,0.0,2.0,0.0,0,Mobile,0.0,1.0,FRA,1.0,0.0,0.0,0.0,0.0,0.0,0.0,0.0,0.0,0.0,0.0,0.0,0.0,0.0,0.0,0.0,0.0,1.0,0.0,0.0
137,222feB2SwrK38C5be,546506750_9988624123932244.0,9988624123932250.0,6,0,1,0,0,Rand,Fitness,Random,,,,1.0,0.0,0,Desktop,0.0,1.0,ITA,0.0,0.0,0.0,0.0,0.0,0.0,0.0,0.0,0.0,0.0,0.0,0.0,0.0,0.0,0.0,1.0,0.0,0.0,0.0,0.0
138,222fkCAzoe6MAnMsP,-624226515_2260272466.0,2260272466.0,13,0,0,0,0,Female,Gender,Gender,Male,Female,0.0,1.0,0.0,1,Desktop,0.0,0.0,NLD,0.0,0.0,0.0,0.0,0.0,0.0,0.0,0.0,0.0,0.0,0.0,0.0,0.0,1.0,0.0,0.0,0.0,0.0,0.0,0.0
139,222fmrcSZpRW5m2wL,-1102357402_938186460,938186460.0,5,0,0,0,0,Female,Gender,Gender,Male,Female,0.0,1.0,0.0,1,Desktop,0.0,0.0,NZL,0.0,0.0,0.0,0.0,0.0,0.0,0.0,0.0,0.0,0.0,0.0,0.0,0.0,0.0,1.0,0.0,0.0,0.0,0.0,0.0
140,222fz5E3MFQvBQGkA,826835529_191366202725697.0,191366202725697.0,13,0,0,0,2,Old,Age,Age,Young,Old,0.0,5.0,0.0,0,Desktop,0.0,1.0,FRA,1.0,0.0,0.0,0.0,1.0,3.0,0.0,0.0,0.0,0.0,0.0,0.0,0.0,0.0,0.0,0.0,0.0,0.0,0.0,0.0
141,222g3q4kdyJHhrfbs,581184597_3484079826.0,3484079826.0,9,0,0,0,0,Young,Age,Age,Young,Old,1.0,4.0,0.0,1,Desktop,0.0,0.0,ITA,1.0,0.0,0.0,0.0,0.0,0.0,3.0,0.0,0.0,0.0,0.0,0.0,0.0,0.0,0.0,0.0,0.0,0.0,0.0,0.0
142,222g6fjY7f2F9rQzv,803846034_6105316564232371.0,6105316564232370.0,2,0,0,1,0,Fit,Fitness,Fitness,Fit,Fat,1.0,1.0,0.0,1,Desktop,1.0,0.0,USA,1.0,0.0,0.0,0.0,0.0,0.0,0.0,0.0,0.0,0.0,0.0,0.0,0.0,0.0,0.0,0.0,0.0,0.0,0.0,0.0
143,222gAqkWKFFuP5mLY,1107657372_2853917854.0,2853917854.0,12,1,0,0,2,Male,Gender,Gender,Male,Female,0.0,5.0,0.0,0,Desktop,1.0,1.0,TWN,2.0,0.0,0.0,0.0,0.0,0.0,0.0,0.0,0.0,0.0,2.0,0.0,0.0,0.0,0.0,0.0,0.0,1.0,0.0,0.0
144,222gT8nZEqcE952La,-1820771242_7167487371342578.0,7167487371342580.0,5,1,0,0,2,Fat,Fitness,Fitness,Fit,Fat,1.0,3.0,0.0,1,Desktop,1.0,1.0,USA,1.0,0.0,0.0,0.0,0.0,0.0,0.0,0.0,0.0,2.0,0.0,0.0,0.0,0.0,0.0,0.0,0.0,0.0,0.0,0.0
145,222gvYFz5evhk9deb,-2127359060_2466019798.0,2466019798.0,4,1,0,0,0,Hoomans,Species,Species,Hoomans,Pets,0.0,2.0,0.0,1,Desktop,0.0,1.0,FRA,0.0,0.0,0.0,0.0,0.0,0.0,0.0,0.0,0.0,0.0,0.0,0.0,0.0,0.0,1.0,0.0,1.0,0.0,0.0,0.0
146,222hBb5dYsezwuYwe,-1466070995_7372677452290659.0,7372677452290659.0,10,1,0,1,0,Male,Gender,Gender,Male,Female,0.0,4.0,0.0,0,Mobile,0.0,1.0,ESP,1.0,0.0,0.0,0.0,0.0,0.0,0.0,0.0,0.0,0.0,1.0,0.0,0.0,0.0,0.0,0.0,0.0,2.0,0.0,0.0
147,222hFNvYepGPKxPcH,1504336865_3179502013.0,3179502013.0,6,1,1,0,1,Rand,Random,Random,,,,4.0,1.0,1,Desktop,1.0,0.0,USA,0.0,1.0,1.0,0.0,1.0,1.0,0.0,0.0,0.0,0.0,0.0,0.0,0.0,0.0,0.0,0.0,0.0,0.0,0.0,0.0
148,222hZQPMxvqw3p5Ri,-576959902_7135627523356902.0,7135627523356900.0,12,0,0,0,1,Hoomans,Species,Species,Hoomans,Pets,1.0,3.0,0.0,1,Desktop,1.0,1.0,USA,0.0,0.0,0.0,1.0,0.0,1.0,0.0,1.0,0.0,0.0,0.0,0.0,0.0,0.0,0.0,0.0,0.0,0.0,0.0,0.0
149,222i6CM6HwCy3vqfF,-1158732194_9449247561736252.0,9449247561736250.0,1,0,0,0,0,Fat,Fitness,Fitness,Fit,Fat,0.0,5.0,0.0,0,Mobile,0.0,1.0,CHE,2.0,1.0,0.0,0.0,0.0,0.0,0.0,0.0,0.0,1.0,1.0,0.0,0.0,0.0,0.0,0.0,0.0,0.0,0.0,0.0
150,222iRjPbs6HEX7Xgq,1483148464_8360329253411141.0,8360329253411139.0,2,0,0,0,0,Fit,Fitness,Fitness,Fit,Fat,1.0,3.0,0.0,1,Mobile,0.0,1.0,USA,0.0,0.0,0.0,0.0,0.0,0.0,0.0,0.0,0.0,0.0,0.0,0.0,0.0,0.0,2.0,1.0,0.0,0.0,0.0,0.0
151,222ijHPTAF9wyqrvH,-1208368523_5062990097921540.0,5062990097921540.0,9,1,1,0,0,Less,Utilitarian,Utilitarian,More,Less,1.0,1.0,4.0,1,Desktop,0.0,1.0,IND,0.0,0.0,0.0,0.0,0.0,0.0,0.0,0.0,0.0,0.0,0.0,0.0,0.0,0.0,0.0,0.0,0.0,0.0,0.0,1.0
152,222irCDa883YG8cCC,735309205_1573610748,1573610748.0,1,0,0,1,0,Young,Age,Age,Young,Old,1.0,4.0,0.0,1,,,,CAN,1.0,1.0,0.0,0.0,0.0,0.0,1.0,1.0,0.0,0.0,0.0,0.0,0.0,0.0,0.0,0.0,0.0,0.0,0.0,0.0
153,222j4PDaKabTiNWMT,-2105126143_3764464428.0,3764464428.0,6,0,0,1,0,Fat,Fitness,Fitness,Fit,Fat,0.0,3.0,0.0,1,Desktop,0.0,1.0,FRA,0.0,3.0,0.0,0.0,0.0,0.0,0.0,0.0,0.0,0.0,0.0,0.0,0.0,0.0,0.0,0.0,0.0,0.0,0.0,0.0
154,222jD8F8SjQxQCoxN,-1269155830_1016260670,1016260670.0,13,0,0,1,0,Rand,Random,Random,,,,2.0,3.0,1,Mobile,0.0,0.0,RUS,0.0,0.0,1.0,0.0,1.0,0.0,0.0,0.0,0.0,0.0,0.0,0.0,0.0,0.0,0.0,0.0,0.0,0.0,0.0,0.0
155,222jDBJFT2mQia8Nj,-76338667_6451114551484027.0,6451114551484030.0,12,0,0,1,0,More,Utilitarian,Utilitarian,More,Less,1.0,5.0,1.0,0,Mobile,0.0,1.0,CAN,0.0,1.0,0.0,1.0,0.0,0.0,0.0,0.0,0.0,0.0,0.0,0.0,1.0,0.0,0.0,1.0,1.0,0.0,0.0,0.0
156,222jPXHJEWWjxHxgM,-326114801_9945560461119218.0,9945560461119220.0,7,0,1,0,2,Fat,Fitness,Fitness,Fit,Fat,0.0,3.0,0.0,0,Mobile,0.0,1.0,FRA,1.0,0.0,0.0,0.0,0.0,0.0,0.0,0.0,0.0,0.0,2.0,0.0,0.0,0.0,0.0,0.0,0.0,0.0,0.0,0.0
157,222jc8QEnpn7JY5xh,-1776519460_4307308900611943.0,4307308900611940.0,13,0,0,0,0,Fat,Fitness,Fitness,Fit,Fat,0.0,1.0,0.0,0,Mobile,0.0,0.0,TWN,1.0,0.0,0.0,0.0,0.0,0.0,0.0,0.0,0.0,0.0,0.0,0.0,0.0,0.0,0.0,0.0,0.0,0.0,0.0,0.0
158,222jdoBmJP2wSPqcf,563256744_8083725139693279.0,8083725139693280.0,1,0,1,0,1,Rand,Fitness,Random,,,,1.0,0.0,0,Desktop,0.0,1.0,BRA,0.0,0.0,0.0,0.0,0.0,0.0,0.0,0.0,0.0,0.0,0.0,0.0,0.0,0.0,0.0,1.0,0.0,0.0,0.0,0.0
159,222jfxLaDi8nWBeiH,-362034014_2267667760.0,2267667760.0,9,1,0,1,0,Fit,Fitness,Fitness,Fit,Fat,0.0,5.0,0.0,0,Desktop,0.0,0.0,HUN,0.0,0.0,0.0,0.0,0.0,0.0,0.0,0.0,0.0,0.0,0.0,0.0,0.0,0.0,2.0,3.0,0.0,0.0,0.0,0.0
160,222jhd8yEKXJc3EsZ,713958586_944956750,944956750.0,6,1,0,1,0,Old,Age,Age,Young,Old,1.0,1.0,0.0,0,Desktop,0.0,0.0,IDN,0.0,0.0,0.0,0.0,0.0,1.0,0.0,0.0,0.0,0.0,0.0,0.0,0.0,0.0,0.0,0.0,0.0,0.0,0.0,0.0
161,222k35quSP4E3WErX,-2028826305_115062343735815.0,115062343735815.0,2,0,0,1,0,High,Social Status,Social Status,High,Low,1.0,3.0,0.0,0,Desktop,0.0,1.0,VEN,0.0,1.0,0.0,0.0,0.0,0.0,0.0,0.0,0.0,0.0,0.0,0.0,0.0,2.0,0.0,0.0,0.0,0.0,0.0,0.0
162,222kKksjSZChMSPEF,-1174672271_4925868130563193.0,4925868130563190.0,7,1,1,0,1,Female,Gender,Gender,Male,Female,1.0,2.0,0.0,1,Desktop,1.0,1.0,DEU,0.0,0.0,0.0,0.0,0.0,0.0,0.0,1.0,0.0,0.0,0.0,0.0,0.0,0.0,0.0,0.0,1.0,0.0,0.0,0.0
163,222kTshxRxE5DiGui,-608974545_3220567598.0,3220567598.0,8,1,1,0,1,Female,Gender,Gender,Male,Female,1.0,4.0,0.0,1,,,,HUN,0.0,0.0,0.0,0.0,0.0,0.0,0.0,2.0,0.0,0.0,0.0,0.0,0.0,1.0,0.0,0.0,1.0,0.0,0.0,0.0
164,222kYQ7AcWoLXYDn7,-663494115_975249045830903.0,975249045830903.0,9,0,0,0,2,Hoomans,Species,Species,Hoomans,Pets,1.0,5.0,0.0,1,Desktop,0.0,0.0,ESP,2.0,0.0,0.0,0.0,0.0,0.0,0.0,0.0,0.0,0.0,1.0,0.0,0.0,1.0,0.0,0.0,0.0,1.0,0.0,0.0
165,222m7kgxgfqxHKGk4,271685792_8691596159091954.0,8691596159091950.0,11,0,0,0,2,More,Utilitarian,Utilitarian,More,Less,1.0,5.0,2.0,1,Desktop,0.0,0.0,CAN,0.0,1.0,0.0,0.0,1.0,0.0,0.0,1.0,0.0,0.0,0.0,0.0,0.0,1.0,0.0,0.0,1.0,0.0,0.0,0.0
166,222miSeJj88gsScz4,-855949150_5685080408234384.0,5685080408234380.0,11,1,0,1,0,Pets,Species,Species,Hoomans,Pets,1.0,1.0,0.0,0,Desktop,0.0,1.0,USA,0.0,0.0,0.0,0.0,0.0,0.0,0.0,0.0,0.0,0.0,0.0,0.0,0.0,0.0,0.0,0.0,0.0,0.0,0.0,1.0
167,222mjn47a58up7gXS,483061548_9474871472190278.0,9474871472190280.0,6,0,1,0,2,Fat,Fitness,Fitness,Fit,Fat,0.0,3.0,0.0,0,Desktop,1.0,0.0,JPN,0.0,0.0,0.0,0.0,0.0,0.0,0.0,0.0,0.0,2.0,1.0,0.0,0.0,0.0,0.0,0.0,0.0,0.0,0.0,0.0
168,222mxpLhSCCTHJFwZ,-1110496511_3554433542303741.0,3554433542303740.0,5,0,1,0,2,Old,Age,Age,Young,Old,0.0,3.0,0.0,0,Mobile,0.0,1.0,NLD,1.0,1.0,0.0,0.0,1.0,0.0,0.0,0.0,0.0,0.0,0.0,0.0,0.0,0.0,0.0,0.0,0.0,0.0,0.0,0.0
169,222nXvJbgskDwC9AQ,-1332809300_8398486853060885.0,8398486853060890.0,3,1,0,1,0,Fat,Fitness,Fitness,Fit,Fat,1.0,3.0,0.0,1,Desktop,1.0,0.0,DEU,0.0,0.0,0.0,0.0,0.0,0.0,0.0,0.0,0.0,0.0,3.0,0.0,0.0,0.0,0.0,0.0,0.0,0.0,0.0,0.0
170,222nbHYypp6po32go,-2053961522_2543545794705459.0,2543545794705460.0,2,0,1,0,1,Hoomans,Species,Species,Hoomans,Pets,1.0,2.0,0.0,0,Desktop,0.0,1.0,USA,0.0,0.0,0.0,1.0,0.0,0.0,0.0,0.0,0.0,1.0,0.0,0.0,0.0,0.0,0.0,0.0,0.0,0.0,0.0,0.0
171,222nc2xhAr7ontwmJ,1344209640_8314215630889135.0,8314215630889139.0,10,1,0,0,1,Female,Gender,Gender,Male,Female,1.0,2.0,0.0,0,Mobile,0.0,0.0,POL,0.0,0.0,0.0,0.0,0.0,0.0,0.0,0.0,0.0,0.0,0.0,0.0,0.0,1.0,1.0,0.0,0.0,0.0,0.0,0.0
172,222ngbDMq4q2LSk3o,-998382011_4293032124.0,4293032124.0,8,1,0,1,0,Fit,Fitness,Fitness,Fit,Fat,0.0,2.0,0.0,0,Desktop,1.0,0.0,FIN,1.0,0.0,0.0,0.0,0.0,0.0,0.0,0.0,0.0,0.0,0.0,0.0,0.0,0.0,0.0,1.0,0.0,0.0,0.0,0.0
173,222nu28ShCWCfPxT4,-1461948457_1079805498886741.0,1079805498886740.0,1,0,1,0,2,Old,Age,Age,Young,Old,0.0,2.0,0.0,0,Desktop,0.0,1.0,NLD,0.0,0.0,0.0,0.0,1.0,1.0,0.0,0.0,0.0,0.0,0.0,0.0,0.0,0.0,0.0,0.0,0.0,0.0,0.0,0.0
174,222nzARWvqax3bm8j,-1119127248_5918610202222447.0,5918610202222450.0,5,0,0,0,0,Less,Utilitarian,Utilitarian,More,Less,0.0,3.0,2.0,0,Desktop,1.0,0.0,AUS,1.0,0.0,0.0,1.0,0.0,0.0,0.0,0.0,0.0,0.0,0.0,0.0,0.0,0.0,0.0,1.0,0.0,0.0,0.0,0.0
175,222oBBzZjiS2XnwbW,442939257_7734776324559576.0,7734776324559581.0,7,1,1,0,0,Low,Social Status,Social Status,High,Low,1.0,2.0,0.0,0,Desktop,1.0,1.0,FRA,0.0,0.0,0.0,0.0,0.0,0.0,0.0,0.0,2.0,0.0,0.0,0.0,0.0,0.0,0.0,0.0,0.0,0.0,0.0,0.0
176,222oQ57QNNL4CdoqM,-1895839071_226166648,226166648.0,6,0,0,0,0,Hoomans,Species,Species,Hoomans,Pets,1.0,2.0,0.0,1,Mobile,0.0,1.0,GBR,1.0,0.0,0.0,0.0,0.0,0.0,0.0,1.0,0.0,0.0,0.0,0.0,0.0,0.0,0.0,0.0,0.0,0.0,0.0,0.0
177,222ovLtP28zwtSf4h,1648389356_290533963,290533963.0,5,1,0,0,2,Pets,Species,Species,Hoomans,Pets,1.0,2.0,0.0,0,Mobile,0.0,0.0,USA,0.0,0.0,0.0,0.0,0.0,0.0,0.0,0.0,0.0,0.0,0.0,0.0,0.0,0.0,0.0,0.0,0.0,0.0,1.0,1.0
178,222p5gYc5vtieBLS5,-412459320_2838537878334970.0,2838537878334970.0,9,0,0,0,0,Fit,Fitness,Fitness,Fit,Fat,1.0,5.0,0.0,1,Desktop,1.0,1.0,USA,0.0,0.0,0.0,0.0,0.0,0.0,0.0,0.0,0.0,0.0,0.0,0.0,0.0,0.0,0.0,5.0,0.0,0.0,0.0,0.0
179,222pHkhxGjRkNgF38,-2140264997_3618318070.0,3618318070.0,2,1,0,0,0,Female,Gender,Gender,Male,Female,1.0,4.0,0.0,1,Desktop,0.0,0.0,USA,0.0,0.0,0.0,0.0,0.0,1.0,0.0,0.0,0.0,0.0,0.0,0.0,0.0,1.0,1.0,0.0,1.0,0.0,0.0,0.0
180,222pWaHeg7fH57AEE,-1658185227_2965066695.0,2965066695.0,8,1,1,0,1,Old,Age,Age,Young,Old,1.0,5.0,0.0,1,Desktop,0.0,0.0,FIN,2.0,0.0,0.0,0.0,2.0,1.0,0.0,0.0,0.0,0.0,0.0,0.0,0.0,0.0,0.0,0.0,0.0,0.0,0.0,0.0
181,222phkcXkKST8qBGB,-1043916668_2853917854.0,2853917854.0,4,1,1,0,0,Less,Utilitarian,Utilitarian,More,Less,1.0,4.0,1.0,1,Desktop,0.0,1.0,TWN,0.0,0.0,1.0,0.0,0.0,1.0,1.0,0.0,0.0,0.0,0.0,0.0,0.0,1.0,0.0,0.0,0.0,0.0,0.0,0.0
182,222q66Fw449NYCrWh,540993158_662683872362392.0,662683872362392.0,9,0,0,1,0,Pets,Species,Species,Hoomans,Pets,0.0,5.0,0.0,0,Desktop,0.0,0.0,BRA,0.0,0.0,0.0,0.0,0.0,0.0,0.0,0.0,0.0,0.0,0.0,0.0,0.0,0.0,0.0,0.0,0.0,0.0,5.0,0.0
183,222qG9PQC2tcxDFZB,-1795657505_1945164194847168.0,1945164194847170.0,12,0,1,0,0,Pets,Species,Species,Hoomans,Pets,0.0,4.0,0.0,0,Desktop,1.0,0.0,USA,0.0,0.0,0.0,0.0,0.0,0.0,0.0,0.0,0.0,0.0,0.0,0.0,0.0,0.0,0.0,0.0,0.0,0.0,3.0,1.0
184,222qG9uAPzC3W6biX,1670532830_3387908901251266.0,3387908901251270.0,9,1,0,1,0,Young,Age,Age,Young,Old,0.0,3.0,0.0,1,Mobile,0.0,1.0,RUS,2.0,1.0,0.0,0.0,0.0,0.0,0.0,0.0,0.0,0.0,0.0,0.0,0.0,0.0,0.0,0.0,0.0,0.0,0.0,0.0
185,222qPvcEr3oDFrFWD,93006601_229237622,229237622.0,9,0,0,0,1,Rand,Random,Random,,,,2.0,0.0,1,Desktop,0.0,1.0,RUS,0.0,0.0,0.0,1.0,0.0,0.0,0.0,0.0,0.0,0.0,0.0,1.0,0.0,0.0,0.0,0.0,0.0,0.0,0.0,0.0
186,222qpJb6N2aRZj3fG,1625839281_587778947,587778947.0,10,0,0,1,0,Less,Utilitarian,Utilitarian,More,Less,0.0,3.0,2.0,0,Desktop,0.0,0.0,ITA,0.0,0.0,0.0,1.0,0.0,0.0,0.0,0.0,0.0,0.0,0.0,0.0,0.0,0.0,0.0,0.0,2.0,0.0,0.0,0.0
187,222r242nYpDGekvpQ,2136140720_221834613,221834613.0,12,0,1,0,0,Fit,Fitness,Fitness,Fit,Fat,1.0,4.0,0.0,1,Desktop,1.0,1.0,CAN,2.0,0.0,0.0,0.0,0.0,0.0,0.0,0.0,0.0,0.0,0.0,0.0,0.0,0.0,1.0,1.0,0.0,0.0,0.0,0.0
188,222rKJRyAyvgGyc3d,178828645_568635587,568635587.0,10,1,0,1,0,Pets,Species,Species,Hoomans,Pets,1.0,2.0,0.0,1,Mobile,0.0,0.0,TUR,0.0,0.0,0.0,0.0,0.0,0.0,0.0,0.0,0.0,0.0,0.0,0.0,0.0,0.0,0.0,0.0,0.0,0.0,1.0,1.0
189,222raDzbw8hbX8PTP,-1456033956_5912759086705659.0,5912759086705660.0,10,0,0,1,0,Rand,Random,Random,,,,1.0,4.0,0,Mobile,0.0,1.0,DEU,0.0,0.0,0.0,0.0,0.0,0.0,0.0,1.0,0.0,0.0,0.0,0.0,0.0,0.0,0.0,0.0,0.0,0.0,0.0,0.0
190,222sLBFWuj7Lu56em,-765959157_1911794662,1911794662.0,10,1,0,0,0,Hoomans,Species,Species,Hoomans,Pets,0.0,2.0,0.0,1,,,,RUS,0.0,0.0,0.0,1.0,0.0,1.0,0.0,0.0,0.0,0.0,0.0,0.0,0.0,0.0,0.0,0.0,0.0,0.0,0.0,0.0
191,222sNTAv4cjtaXHBq,1258754859_7412491087578943.0,7412491087578941.0,12,1,0,0,1,Fit,Fitness,Fitness,Fit,Fat,0.0,1.0,0.0,0,Desktop,1.0,1.0,SGP,0.0,0.0,0.0,0.0,0.0,0.0,0.0,0.0,0.0,0.0,0.0,0.0,0.0,0.0,1.0,0.0,0.0,0.0,0.0,0.0
192,222scw4Aqudks2YcL,-1851326737_2109613414,2109613414.0,1,0,1,0,0,Female,Gender,Gender,Male,Female,0.0,3.0,0.0,1,Desktop,1.0,1.0,USA,0.0,0.0,0.0,0.0,0.0,1.0,0.0,0.0,0.0,1.0,0.0,0.0,0.0,0.0,0.0,0.0,1.0,0.0,0.0,0.0
193,222spzyd5dNDPzy7p,1350681799_7919589696722148.0,7919589696722150.0,4,0,0,0,0,Less,Utilitarian,Utilitarian,More,Less,0.0,3.0,2.0,1,Mobile,0.0,0.0,JPN,0.0,1.0,0.0,1.0,0.0,0.0,0.0,0.0,0.0,1.0,0.0,0.0,0.0,0.0,0.0,0.0,0.0,0.0,0.0,0.0
194,222t9Qtkcc4EnQvcc,1829270983_2465676825.0,2465676825.0,3,0,1,0,0,More,Utilitarian,Utilitarian,More,Less,1.0,5.0,2.0,1,Desktop,0.0,0.0,CAN,0.0,0.0,0.0,0.0,1.0,1.0,0.0,0.0,0.0,0.0,0.0,0.0,0.0,0.0,2.0,0.0,0.0,0.0,0.0,1.0
195,222tBpw9dhcQQQq6Z,1382149662_8968737997624583.0,8968737997624579.0,3,0,0,0,2,Old,Age,Age,Young,Old,0.0,1.0,0.0,0,Desktop,1.0,0.0,BRA,0.0,0.0,0.0,0.0,1.0,0.0,0.0,0.0,0.0,0.0,0.0,0.0,0.0,0.0,0.0,0.0,0.0,0.0,0.0,0.0
196,222tir945gaHTL2e7,996757769_712742894,712742894.0,8,0,0,0,2,Rand,Random,Random,,,,4.0,1.0,0,Mobile,0.0,1.0,CHL,0.0,0.0,0.0,0.0,0.0,0.0,1.0,1.0,0.0,0.0,0.0,0.0,0.0,1.0,0.0,0.0,0.0,0.0,0.0,1.0
197,222uJh5smcMWbjoj6,-615078457_2467587873.0,2467587873.0,8,1,1,0,1,Old,Age,Age,Young,Old,1.0,1.0,0.0,0,,,,FIN,0.0,0.0,0.0,0.0,1.0,0.0,0.0,0.0,0.0,0.0,0.0,0.0,0.0,0.0,0.0,0.0,0.0,0.0,0.0,0.0
198,222uW6vTNwsJ2bBiw,696538313_2392503604.0,2392503604.0,9,1,0,0,1,Rand,Random,Random,,,,3.0,1.0,0,,,,USA,0.0,0.0,0.0,0.0,0.0,0.0,0.0,1.0,0.0,0.0,0.0,0.0,0.0,0.0,0.0,0.0,0.0,0.0,2.0,0.0
199,222vALxJ4SXrPhmTK,1662463271_221834613,221834613.0,10,1,0,1,0,Male,Gender,Gender,Male,Female,0.0,5.0,0.0,0,Desktop,0.0,0.0,USA,1.0,0.0,0.0,0.0,0.0,0.0,0.0,0.0,0.0,0.0,1.0,0.0,1.0,0.0,0.0,2.0,0.0,0.0,0.0,0.0
200,222vEd7mLxamAFpcB,-1588820210_9463528950530382.0,9463528950530380.0,7,0,1,0,2,Rand,Random,Random,,,,3.0,0.0,0,Desktop,0.0,0.0,USA,0.0,0.0,0.0,0.0,0.0,0.0,0.0,0.0,0.0,0.0,0.0,1.0,0.0,0.0,0.0,0.0,0.0,1.0,0.0,1.0
201,222voRENmWsmgY4QB,1369874789_5515208763771893.0,5515208763771890.0,8,1,0,0,1,Rand,Random,Random,,,,1.0,1.0,0,Mobile,0.0,0.0,BEL,0.0,0.0,0.0,0.0,0.0,0.0,0.0,0.0,0.0,0.0,0.0,0.0,0.0,0.0,0.0,0.0,0.0,0.0,1.0,0.0
202,222vqroHi8GeQuSy6,-1316628064_7834182189039196.0,7834182189039200.0,8,0,0,0,2,Rand,Random,Random,,,,2.0,1.0,0,Desktop,0.0,0.0,USA,1.0,0.0,0.0,0.0,0.0,0.0,0.0,0.0,0.0,1.0,0.0,0.0,0.0,0.0,0.0,0.0,0.0,0.0,0.0,0.0
203,222wBcHAXk6HekLYd,-662808727_9558009616420568.0,9558009616420570.0,3,1,1,0,0,Male,Gender,Gender,Male,Female,0.0,5.0,0.0,0,Mobile,0.0,1.0,CHL,1.0,0.0,0.0,0.0,2.0,0.0,0.0,0.0,0.0,0.0,1.0,0.0,0.0,0.0,0.0,0.0,0.0,1.0,0.0,0.0
204,222wHk6FvLDFNZ4rE,-136514652_2947756000611963.0,2947756000611960.0,1,0,1,0,2,Less,Utilitarian,Utilitarian,More,Less,0.0,4.0,1.0,0,Desktop,0.0,1.0,USA,0.0,0.0,0.0,0.0,0.0,1.0,0.0,1.0,0.0,0.0,1.0,0.0,1.0,0.0,0.0,0.0,0.0,0.0,0.0,0.0
205,222wKPwnLMBz7kiYN,-475013290_3541593659.0,3541593659.0,10,1,0,0,2,Male,Gender,Gender,Male,Female,0.0,2.0,0.0,0,,,,GBR,0.0,0.0,0.0,0.0,0.0,0.0,2.0,0.0,0.0,0.0,0.0,0.0,0.0,0.0,0.0,0.0,0.0,0.0,0.0,0.0
206,222wmt9DgukzeSGsQ,-810140262_2326133805263097.0,2326133805263100.0,10,0,0,0,2,Fat,Fitness,Fitness,Fit,Fat,0.0,5.0,0.0,1,Desktop,1.0,0.0,USA,0.0,2.0,0.0,0.0,0.0,0.0,0.0,0.0,0.0,2.0,1.0,0.0,0.0,0.0,0.0,0.0,0.0,0.0,0.0,0.0
207,222woXZgofAYE6wZa,-1638403467_379936180,379936180.0,3,1,0,0,2,Old,Age,Age,Young,Old,1.0,2.0,0.0,0,Desktop,0.0,1.0,GRC,0.0,0.0,0.0,0.0,2.0,0.0,0.0,0.0,0.0,0.0,0.0,0.0,0.0,0.0,0.0,0.0,0.0,0.0,0.0,0.0
208,222xGwtjoMrk6RoAC,-698321175_7333222621772759.0,7333222621772760.0,5,1,1,0,0,Less,Utilitarian,Utilitarian,More,Less,1.0,1.0,4.0,0,Desktop,0.0,0.0,BEL,0.0,0.0,0.0,0.0,0.0,0.0,1.0,0.0,0.0,0.0,0.0,0.0,0.0,0.0,0.0,0.0,0.0,0.0,0.0,0.0
209,222xTn8MirCZyaLfw,826518453_3680771619552487.0,3680771619552489.5,6,0,0,0,2,Fat,Fitness,Fitness,Fit,Fat,0.0,4.0,0.0,0,Desktop,1.0,0.0,FRA,1.0,1.0,0.0,0.0,0.0,0.0,0.0,0.0,0.0,2.0,0.0,0.0,0.0,0.0,0.0,0.0,0.0,0.0,0.0,0.0
210,222yDT5Dg9HGRX6uY,-414860729_8037986980313974.0,8037986980313970.0,1,1,0,1,0,More,Utilitarian,Utilitarian,More,Less,0.0,5.0,1.0,1,Desktop,0.0,0.0,AUS,0.0,0.0,0.0,0.0,0.0,0.0,0.0,0.0,1.0,0.0,1.0,0.0,0.0,0.0,2.0,0.0,0.0,0.0,1.0,0.0
211,222yLzwk8NrFWFw3M,-909464791_2700371128598422.0,2700371128598420.0,1,0,0,0,0,Fat,Fitness,Fitness,Fit,Fat,0.0,1.0,0.0,1,Desktop,0.0,1.0,GBR,1.0,0.0,0.0,0.0,0.0,0.0,0.0,0.0,0.0,0.0,0.0,0.0,0.0,0.0,0.0,0.0,0.0,0.0,0.0,0.0
212,222yRu3tE3pazoJ9m,-960366372_3874839892891986.0,3874839892891991.0,8,0,0,0,1,Rand,Random,Random,,,,2.0,1.0,1,Desktop,0.0,0.0,BRA,0.0,1.0,0.0,0.0,0.0,0.0,0.0,0.0,0.0,0.0,0.0,0.0,0.0,0.0,0.0,0.0,0.0,0.0,1.0,0.0
213,222yWK2TLxaRHqDLp,867000841_4648117743411551.0,4648117743411550.0,9,1,0,1,0,Pets,Species,Species,Hoomans,Pets,1.0,5.0,0.0,0,Desktop,1.0,1.0,CZE,0.0,0.0,0.0,0.0,0.0,0.0,0.0,0.0,0.0,0.0,0.0,0.0,0.0,0.0,0.0,0.0,0.0,0.0,4.0,1.0
214,222ypPvc4TFqJP66p,1101554572_8892357203682497.0,8892357203682499.0,3,1,0,1,0,Hoomans,Species,Species,Hoomans,Pets,0.0,4.0,0.0,1,Mobile,0.0,1.0,DEU,0.0,0.0,0.0,0.0,0.0,0.0,1.0,0.0,1.0,0.0,0.0,1.0,0.0,0.0,1.0,0.0,0.0,0.0,0.0,0.0
215,222yw4o62CpwLGHoF,-1387413737_2059001904613215.0,2059001904613220.0,1,1,0,1,0,More,Utilitarian,Utilitarian,More,Less,0.0,5.0,4.0,1,Mobile,0.0,0.0,USA,0.0,0.0,0.0,0.0,1.0,0.0,0.0,0.0,1.0,0.0,1.0,1.0,1.0,0.0,0.0,0.0,0.0,0.0,0.0,0.0
216,222z3PxtAKc6kHuHm,-1344511819_6097663466840023.0,6097663466840020.0,3,1,1,0,0,Hoomans,Species,Species,Hoomans,Pets,0.0,1.0,0.0,1,Desktop,0.0,1.0,FIN,0.0,0.0,0.0,0.0,0.0,0.0,1.0,0.0,0.0,0.0,0.0,0.0,0.0,0.0,0.0,0.0,0.0,0.0,0.0,0.0
217,222zdTEzwq6yZykyY,-157205605_3237557140.0,3237557140.0,7,1,1,0,1,Less,Utilitarian,Utilitarian,More,Less,1.0,1.0,4.0,0,,,,DEU,0.0,0.0,0.0,0.0,0.0,0.0,1.0,0.0,0.0,0.0,0.0,0.0,0.0,0.0,0.0,0.0,0.0,0.0,0.0,0.0
218,222zfgoLq2x3cHAbb,-2140370448_1994438922,1994438922.0,4,1,0,1,0,Male,Gender,Gender,Male,Female,0.0,3.0,0.0,1,,,,RUS,1.0,0.0,0.0,0.0,1.0,0.0,1.0,0.0,0.0,0.0,0.0,0.0,0.0,0.0,0.0,0.0,0.0,0.0,0.0,0.0
219,222zm8hCRuSvRBCuk,-1188981486_1695010169207256.0,1695010169207260.0,3,1,0,1,0,Female,Gender,Gender,Male,Female,1.0,2.0,0.0,0,Desktop,1.0,0.0,BRA,0.0,0.0,0.0,0.0,0.0,0.0,0.0,0.0,0.0,0.0,0.0,0.0,0.0,1.0,1.0,0.0,0.0,0.0,0.0,0.0
220,222zoda9gRnoTLs8P,-186560177_1382709870689975.0,1382709870689980.0,1,0,1,0,0,Old,Age,Age,Young,Old,0.0,5.0,0.0,0,Desktop,0.0,1.0,USA,0.0,1.0,0.0,0.0,3.0,1.0,0.0,0.0,0.0,0.0,0.0,0.0,0.0,0.0,0.0,0.0,0.0,0.0,0.0,0.0
221,22328APGejDp5uaBF,1954065321_2224898501.0,2224898501.0,7,0,1,0,2,Old,Age,Age,Young,Old,0.0,5.0,0.0,0,,,,GBR,1.0,0.0,0.0,0.0,2.0,2.0,0.0,0.0,0.0,0.0,0.0,0.0,0.0,0.0,0.0,0.0,0.0,0.0,0.0,0.0
222,22329w3xxTnhg3TRD,-1067239411_1575811292,1575811292.0,5,1,0,0,2,Pets,Species,Species,Hoomans,Pets,1.0,5.0,0.0,0,,,,DEU,0.0,0.0,0.0,0.0,0.0,0.0,0.0,0.0,0.0,0.0,0.0,0.0,0.0,0.0,0.0,0.0,0.0,0.0,4.0,1.0
223,2232M5B973FgYnYwo,828018041_443797747,443797747.0,5,0,1,0,2,More,Utilitarian,Utilitarian,More,Less,1.0,5.0,2.0,0,Desktop,0.0,1.0,GBR,1.0,0.0,0.0,1.0,0.0,0.0,0.0,0.0,0.0,0.0,1.0,0.0,0.0,1.0,0.0,0.0,0.0,0.0,1.0,0.0
224,2232Rtij7Naz5ib7v,1452906174_5299317957560180.0,5299317957560180.0,1,0,0,0,2,Less,Utilitarian,Utilitarian,More,Less,0.0,2.0,3.0,0,Mobile,0.0,1.0,TUR,0.0,0.0,0.0,0.0,0.0,1.0,0.0,0.0,0.0,0.0,0.0,0.0,0.0,0.0,0.0,0.0,0.0,1.0,0.0,0.0
225,2232dK2WDbc2zupM3,573321624_4216771503511216.0,4216771503511220.0,4,0,0,0,2,More,Utilitarian,Utilitarian,More,Less,1.0,5.0,3.0,0,Desktop,0.0,0.0,BRA,0.0,0.0,1.0,0.0,1.0,0.0,0.0,0.0,0.0,0.0,1.0,0.0,0.0,0.0,0.0,1.0,0.0,1.0,0.0,0.0
226,2232vWdTbkDr7W899,-641746212_1178865556,1178865556.0,3,1,1,0,2,More,Utilitarian,Utilitarian,More,Less,0.0,5.0,3.0,1,Desktop,1.0,0.0,USA,0.0,0.0,0.0,0.0,0.0,0.0,1.0,0.0,0.0,0.0,0.0,1.0,0.0,0.0,0.0,0.0,1.0,0.0,1.0,1.0
227,22337P7wrFv7RJpRR,-317042350_279866336,279866336.0,1,0,0,1,0,Female,Gender,Gender,Male,Female,0.0,4.0,0.0,0,Mobile,0.0,1.0,USA,0.0,0.0,0.0,0.0,0.0,1.0,0.0,0.0,0.0,1.0,0.0,0.0,0.0,1.0,1.0,0.0,0.0,0.0,0.0,0.0
228,2233XwhybkB8hHqWT,823751418_3461473290.0,3461473290.0,1,0,0,1,0,Hoomans,Species,Species,Hoomans,Pets,1.0,3.0,0.0,1,Desktop,1.0,1.0,FRA,0.0,0.0,0.0,0.0,0.0,0.0,0.0,0.0,0.0,1.0,0.0,1.0,0.0,0.0,0.0,0.0,0.0,1.0,0.0,0.0
229,2233YguPKqyXFufKJ,132736873_2473738951959026.0,2473738951959030.0,6,1,0,1,0,Female,Gender,Gender,Male,Female,1.0,2.0,0.0,0,Desktop,0.0,1.0,USA,0.0,0.0,0.0,0.0,0.0,0.0,0.0,0.0,0.0,0.0,0.0,0.0,0.0,1.0,1.0,0.0,0.0,0.0,0.0,0.0
230,2233YqiZTuy9yZwLD,-393339170_2002032741436021.0,2002032741436020.0,1,1,1,0,2,Hoomans,Species,Species,Hoomans,Pets,0.0,2.0,0.0,1,Mobile,0.0,0.0,USA,0.0,0.0,0.0,0.0,0.0,1.0,0.0,0.0,0.0,0.0,0.0,0.0,0.0,1.0,0.0,0.0,0.0,0.0,0.0,0.0
231,2234JDvYRyGbNS86u,911816184_6473014801762751.0,6473014801762750.0,12,0,1,0,0,Pets,Species,Species,Hoomans,Pets,0.0,1.0,0.0,1,Desktop,0.0,1.0,FRA,0.0,0.0,0.0,0.0,0.0,0.0,0.0,0.0,0.0,0.0,0.0,0.0,0.0,0.0,0.0,0.0,0.0,0.0,1.0,0.0
232,2234eC52A5mndKyLo,-531370883_1095173103723587.0,1095173103723590.0,4,1,0,0,2,Female,Gender,Gender,Male,Female,1.0,2.0,0.0,0,Desktop,1.0,1.0,USA,0.0,0.0,0.0,0.0,0.0,0.0,0.0,0.0,0.0,1.0,0.0,0.0,0.0,0.0,0.0,0.0,1.0,0.0,0.0,0.0
233,2235ijWM5jDcx33Tx,1334680754_432484557867969.0,432484557867969.0,5,1,1,0,0,Female,Gender,Gender,Male,Female,1.0,2.0,0.0,1,Mobile,0.0,1.0,ITA,0.0,1.0,0.0,0.0,0.0,0.0,0.0,0.0,0.0,1.0,0.0,0.0,0.0,0.0,0.0,0.0,0.0,0.0,0.0,0.0
234,2235oSEXz2vp3vEZy,1677998576_3598290481604635.0,3598290481604640.0,5,0,1,0,0,Less,Utilitarian,Utilitarian,More,Less,0.0,4.0,1.0,0,Desktop,0.0,0.0,FRA,0.0,1.0,2.0,0.0,0.0,1.0,0.0,0.0,0.0,0.0,0.0,0.0,0.0,0.0,0.0,0.0,0.0,0.0,0.0,0.0
235,2235pbL59WC5wJCGZ,348643410_7536197756294190.0,7536197756294190.0,12,1,0,1,0,Fit,Fitness,Fitness,Fit,Fat,0.0,3.0,0.0,0,Desktop,1.0,1.0,USA,1.0,1.0,0.0,0.0,0.0,0.0,0.0,0.0,0.0,0.0,0.0,0.0,0.0,0.0,0.0,1.0,0.0,0.0,0.0,0.0
236,2235qJxKQwE33Ykcg,-1989008513_2260798285.0,2260798285.0,7,0,1,0,2,Fit,Fitness,Fitness,Fit,Fat,1.0,4.0,0.0,0,Mobile,0.0,0.0,USA,1.0,0.0,0.0,0.0,0.0,0.0,0.0,0.0,0.0,0.0,0.0,0.0,0.0,0.0,1.0,2.0,0.0,0.0,0.0,0.0
237,2235r4oKarDy6Yb4n,1039479959_7308126657969840.0,7308126657969840.0,7,1,0,0,1,Male,Gender,Gender,Male,Female,0.0,3.0,0.0,1,Desktop,1.0,1.0,SGP,1.0,0.0,0.0,0.0,0.0,0.0,1.0,0.0,0.0,0.0,1.0,0.0,0.0,0.0,0.0,0.0,0.0,0.0,0.0,0.0
238,2235uDLQwpL7qHLmu,-1385391746_3700370770.0,3700370770.0,11,0,0,0,2,Rand,Random,Random,,,,4.0,0.0,0,Desktop,0.0,1.0,CZE,1.0,0.0,0.0,0.0,0.0,0.0,0.0,0.0,0.0,0.0,1.0,0.0,0.0,0.0,1.0,1.0,0.0,0.0,0.0,0.0
239,2237Ab83Mu6xvkbkd,-1560722399_515722628,515722628.0,12,1,1,0,0,Less,Utilitarian,Utilitarian,More,Less,1.0,4.0,1.0,0,Mobile,0.0,1.0,USA,0.0,0.0,0.0,0.0,0.0,1.0,1.0,0.0,0.0,0.0,0.0,1.0,0.0,0.0,0.0,0.0,0.0,0.0,1.0,0.0
240,2237D9fsENhYBXQrM,1534883849_5160403922718537.0,5160403922718540.0,13,1,0,1,0,Pets,Species,Species,Hoomans,Pets,1.0,4.0,0.0,0,Desktop,1.0,0.0,NZL,0.0,0.0,0.0,0.0,0.0,0.0,0.0,0.0,0.0,0.0,0.0,0.0,0.0,0.0,0.0,0.0,0.0,0.0,2.0,2.0
241,2237fCror5ybSAAEp,1188245396_2899214972946423.0,2899214972946420.0,4,0,1,0,1,Rand,Random,Random,,,,3.0,1.0,1,Desktop,0.0,0.0,GBR,0.0,0.0,1.0,0.0,2.0,0.0,0.0,0.0,0.0,0.0,0.0,0.0,0.0,0.0,0.0,0.0,0.0,0.0,0.0,0.0
242,2237n9nasrpuCXZea,712324953_4240231777075678.0,4240231777075680.0,11,1,1,0,0,High,Social Status,Social Status,High,Low,0.0,1.0,0.0,1,Mobile,0.0,0.0,CHN,1.0,0.0,0.0,0.0,0.0,0.0,0.0,0.0,0.0,0.0,0.0,0.0,0.0,0.0,0.0,0.0,0.0,0.0,0.0,0.0
243,2239XfwvjoRKQq3KD,1041622814_1956028322,1956028322.0,11,1,1,0,0,Old,Age,Age,Young,Old,1.0,1.0,0.0,1,,,,SWE,0.0,0.0,0.0,0.0,1.0,0.0,0.0,0.0,0.0,0.0,0.0,0.0,0.0,0.0,0.0,0.0,0.0,0.0,0.0,0.0
244,2239fMKrxuCKJdHfH,-685108964_3139433405408877.0,3139433405408880.0,9,0,0,0,2,Female,Gender,Gender,Male,Female,0.0,1.0,0.0,0,Mobile,0.0,0.0,GBR,0.0,0.0,0.0,0.0,0.0,0.0,0.0,1.0,0.0,0.0,0.0,0.0,0.0,0.0,0.0,0.0,0.0,0.0,0.0,0.0
245,223APCGYRBJJ3ALiB,252606963_1644804340,1644804340.0,12,1,1,0,0,More,Utilitarian,Utilitarian,More,Less,0.0,5.0,1.0,1,,,,FRA,1.0,1.0,0.0,0.0,0.0,0.0,0.0,0.0,0.0,0.0,1.0,0.0,1.0,0.0,0.0,0.0,0.0,0.0,0.0,1.0
246,223Aq2MbcttC3Sf7X,-1425250958_7842150128055652.0,7842150128055650.0,9,0,0,0,1,Rand,Random,Random,,,,5.0,2.0,1,Desktop,1.0,0.0,USA,1.0,0.0,1.0,1.0,0.0,0.0,0.0,0.0,0.0,1.0,0.0,0.0,0.0,0.0,0.0,0.0,0.0,1.0,0.0,0.0
247,223B5JQcgJpDLRuNa,-1077659031_630245356044596.0,630245356044596.0,6,0,0,0,2,Hoomans,Species,Species,Hoomans,Pets,1.0,2.0,0.0,0,Desktop,0.0,0.0,BRA,0.0,0.0,1.0,0.0,0.0,0.0,0.0,0.0,0.0,0.0,0.0,1.0,0.0,0.0,0.0,0.0,0.0,0.0,0.0,0.0
248,223BFgLWCMMv4Xhdq,-1847875059_7996119231953884.0,7996119231953890.0,3,1,0,1,0,More,Utilitarian,Utilitarian,More,Less,0.0,5.0,2.0,0,Desktop,0.0,0.0,USA,0.0,1.0,1.0,1.0,0.0,0.0,0.0,0.0,0.0,0.0,1.0,0.0,1.0,0.0,0.0,0.0,0.0,0.0,0.0,0.0
249,223BXADFthD5Jo3PM,850953115_8802876052376296.0,8802876052376301.0,4,1,1,0,0,Old,Age,Age,Young,Old,1.0,4.0,0.0,0,Desktop,1.0,0.0,GBR,1.0,0.0,0.0,0.0,1.0,2.0,0.0,0.0,0.0,0.0,0.0,0.0,0.0,0.0,0.0,0.0,0.0,0.0,0.0,0.0
